affiliate_id,player_id,country,clicks,registrations,ftd,cpa_value
aff_12,pl_1311,MX,164,18,3,40
aff_49,pl_1596,AR,2,7,9,60
aff_25,pl_1214,BR,169,10,1,40
aff_6,pl_1586,CL,152,4,6,30
aff_17,pl_1448,BR,50,23,1,75
aff_13,pl_1496,CL,161,27,6,50
aff_21,pl_1308,AR,69,19,6,60
aff_42,pl_1445,BR,13,12,5,75
aff_25,pl_1216,CO,166,20,3,50
aff_7,pl_1438,CL,63,13,9,50
aff_33,pl_1594,MX,108,14,2,75
aff_21,pl_1178,BR,87,26,10,60
aff_33,pl_1412,CL,183,7,8,75
aff_37,pl_1303,BR,76,0,7,50
aff_49,pl_1165,CO,183,28,7,30
aff_24,pl_1449,AR,39,22,1,50
aff_48,pl_1344,MX,122,16,0,100
aff_33,pl_1229,CL,69,18,1,60
aff_33,pl_1565,BR,158,8,0,100
aff_9,pl_1316,BR,194,26,6,75
aff_12,pl_1397,BR,87,9,5,100
aff_16,pl_1109,BR,145,23,8,50
aff_35,pl_1508,BR,5,30,8,30
aff_49,pl_1459,CL,140,17,10,50
aff_4,pl_1231,MX,87,29,0,100
aff_21,pl_1241,BR,193,16,8,40
aff_41,pl_1262,MX,11,4,8,50
aff_16,pl_1540,CO,4,16,7,30
aff_11,pl_1473,AR,109,11,3,60
aff_16,pl_1064,CL,48,16,8,100
aff_39,pl_1277,AR,178,9,4,50
aff_24,pl_1254,CO,85,21,10,30
aff_20,pl_1250,CL,120,6,4,75
aff_9,pl_1577,AR,161,8,8,40
aff_21,pl_1377,CO,44,27,0,40
aff_38,pl_1531,MX,135,4,2,50
aff_39,pl_1055,CL,127,23,5,100
aff_5,pl_1202,MX,183,21,8,40
aff_49,pl_1240,BR,8,16,1,50
aff_42,pl_1291,BR,34,0,2,60
aff_49,pl_1145,MX,160,13,4,75
aff_33,pl_1472,MX,106,9,6,60
aff_22,pl_1243,MX,168,13,8,50
aff_32,pl_1168,MX,101,7,3,30
aff_2,pl_1133,CO,19,3,4,60
aff_18,pl_1149,BR,113,19,5,75
aff_35,pl_1380,CL,5,9,7,30
aff_50,pl_1218,BR,39,29,3,30
aff_22,pl_1122,AR,132,13,3,30
aff_48,pl_1476,AR,42,26,4,60
aff_29,pl_1453,BR,104,18,1,40
aff_25,pl_1244,CL,146,26,6,100
aff_27,pl_1375,AR,83,20,8,30
aff_31,pl_1539,BR,88,5,10,75
aff_7,pl_1449,CO,143,16,7,60
aff_50,pl_1209,CO,147,9,4,100
aff_50,pl_1281,BR,31,1,1,30
aff_46,pl_1006,MX,90,10,5,50
aff_15,pl_1363,CL,177,12,7,100
aff_33,pl_1267,CL,133,13,9,40
aff_44,pl_1393,AR,106,30,4,75
aff_7,pl_1070,BR,29,27,7,100
aff_26,pl_1237,AR,151,21,4,50
aff_31,pl_1256,CL,42,16,3,60
aff_27,pl_1135,BR,187,22,5,75
aff_9,pl_1576,MX,106,26,6,40
aff_46,pl_1272,MX,132,3,8,75
aff_26,pl_1315,AR,143,17,3,60
aff_5,pl_1036,CO,1,5,10,100
aff_39,pl_1076,AR,143,10,2,60
aff_22,pl_1116,CL,71,16,3,75
aff_12,pl_1150,AR,54,25,6,75
aff_18,pl_1436,BR,141,1,0,40
aff_18,pl_1574,MX,116,0,3,40
aff_16,pl_1275,CL,52,17,3,40
aff_36,pl_1395,CO,20,9,10,75
aff_23,pl_1214,MX,194,29,0,75
aff_32,pl_1079,BR,10,20,10,50
aff_17,pl_1506,CO,120,10,7,100
aff_39,pl_1572,CO,122,26,6,30
aff_4,pl_1566,BR,177,2,9,50
aff_24,pl_1143,MX,165,5,4,75
aff_11,pl_1179,AR,28,2,2,75
aff_34,pl_1053,AR,74,14,2,75
aff_30,pl_1134,CO,57,28,2,40
aff_15,pl_1589,CL,192,11,2,50
aff_21,pl_1561,CO,97,9,2,40
aff_29,pl_1312,BR,183,22,1,100
aff_31,pl_1339,MX,102,29,6,50
aff_9,pl_1245,CO,135,23,5,30
aff_17,pl_1387,BR,179,14,10,50
aff_6,pl_1572,CO,172,30,4,100
aff_40,pl_1018,BR,4,30,4,30
aff_22,pl_1471,CL,8,25,9,50
aff_42,pl_1507,BR,127,27,3,30
aff_32,pl_1429,AR,164,18,4,50
aff_25,pl_1463,AR,111,30,10,40
aff_29,pl_1252,CL,35,14,3,60
aff_26,pl_1539,AR,107,30,7,100
aff_10,pl_1098,CO,150,24,2,50
aff_28,pl_1296,MX,183,28,3,75
aff_40,pl_1119,AR,195,24,8,60
aff_45,pl_1245,MX,17,20,3,40
aff_32,pl_1396,AR,149,6,7,50
aff_15,pl_1485,CO,41,19,4,40
aff_46,pl_1284,CO,56,29,1,60
aff_3,pl_1035,CL,127,1,3,40
aff_31,pl_1599,MX,42,27,4,75
aff_9,pl_1382,BR,137,6,6,40
aff_8,pl_1323,CL,122,5,8,50
aff_32,pl_1294,MX,101,29,4,60
aff_25,pl_1052,CO,28,19,1,40
aff_14,pl_1009,BR,2,21,5,30
aff_32,pl_1123,CO,8,3,5,75
aff_33,pl_1193,CO,90,30,6,40
aff_31,pl_1144,BR,12,25,9,75
aff_47,pl_1459,BR,45,19,3,60
aff_38,pl_1523,MX,88,19,8,30
aff_2,pl_1421,CO,147,26,6,100
aff_38,pl_1047,MX,108,16,3,100
aff_8,pl_1044,CL,171,12,6,50
aff_23,pl_1012,AR,50,13,2,100
aff_9,pl_1109,AR,104,21,3,50
aff_46,pl_1475,CO,104,23,3,40
aff_7,pl_1533,AR,146,2,2,75
aff_40,pl_1304,CO,169,0,2,40
aff_3,pl_1421,AR,122,16,9,60
aff_46,pl_1017,CL,96,19,2,60
aff_18,pl_1182,AR,106,7,1,40
aff_27,pl_1006,CL,48,1,2,50
aff_19,pl_1192,CO,81,19,10,30
aff_32,pl_1078,MX,131,19,5,30
aff_49,pl_1441,MX,41,24,6,40
aff_39,pl_1115,AR,131,21,4,100
aff_27,pl_1582,CL,98,9,8,75
aff_48,pl_1086,CO,140,13,0,50
aff_40,pl_1113,MX,60,5,0,50
aff_27,pl_1334,AR,115,29,4,60
aff_30,pl_1006,AR,108,11,7,100
aff_33,pl_1017,MX,88,3,8,30
aff_13,pl_1434,CO,108,9,6,30
aff_7,pl_1386,MX,47,15,3,60
aff_39,pl_1419,CL,50,11,3,60
aff_2,pl_1093,AR,13,16,5,30
aff_28,pl_1383,CL,76,8,4,50
aff_1,pl_1379,BR,144,21,6,60
aff_25,pl_1270,CL,154,23,8,50
aff_11,pl_1010,MX,51,25,5,30
aff_20,pl_1573,CL,125,10,0,50
aff_8,pl_1477,MX,92,26,6,40
aff_31,pl_1563,CO,130,0,5,75
aff_45,pl_1588,CO,185,21,2,50
aff_18,pl_1508,BR,42,19,5,60
aff_33,pl_1446,AR,6,22,0,100
aff_24,pl_1512,CL,107,7,7,75
aff_40,pl_1419,CO,177,26,7,40
aff_14,pl_1268,CO,111,5,4,100
aff_7,pl_1182,BR,134,15,0,40
aff_48,pl_1100,BR,133,8,4,30
aff_42,pl_1289,CL,130,4,6,100
aff_48,pl_1089,MX,89,23,1,60
aff_23,pl_1112,MX,27,16,6,50
aff_46,pl_1265,CL,150,17,9,100
aff_34,pl_1190,CL,2,9,0,75
aff_28,pl_1159,CL,156,20,0,50
aff_18,pl_1150,CO,157,12,7,50
aff_31,pl_1485,MX,199,9,10,40
aff_39,pl_1389,AR,145,10,6,40
aff_1,pl_1189,BR,156,26,1,40
aff_25,pl_1559,CL,189,15,2,50
aff_7,pl_1050,BR,81,4,7,30
aff_1,pl_1165,AR,168,22,8,75
aff_37,pl_1040,CL,107,26,7,40
aff_29,pl_1184,CO,159,26,10,60
aff_33,pl_1172,BR,190,28,10,50
aff_12,pl_1534,BR,121,13,1,30
aff_48,pl_1554,BR,138,4,1,60
aff_47,pl_1205,BR,49,28,4,50
aff_2,pl_1217,BR,150,18,7,50
aff_41,pl_1424,AR,88,25,9,40
aff_45,pl_1202,AR,65,20,7,40
aff_13,pl_1577,CL,95,8,7,30
aff_43,pl_1218,MX,190,11,3,50
aff_5,pl_1112,MX,67,16,0,75
aff_4,pl_1026,CL,84,4,7,40
aff_10,pl_1206,CO,158,0,9,75
aff_30,pl_1020,MX,88,21,8,40
aff_34,pl_1554,AR,155,24,1,60
aff_7,pl_1422,AR,21,26,5,60
aff_13,pl_1117,CO,48,4,9,75
aff_37,pl_1477,AR,36,0,5,75
aff_32,pl_1122,CO,56,25,4,60
aff_25,pl_1491,MX,82,19,9,100
aff_46,pl_1012,CO,185,15,3,40
aff_42,pl_1358,CL,12,18,2,30
aff_47,pl_1406,MX,18,16,4,40
aff_34,pl_1082,CO,174,9,2,30
aff_12,pl_1275,CL,149,1,4,75
aff_32,pl_1103,CO,69,27,1,40
aff_8,pl_1526,BR,62,29,5,30
aff_29,pl_1448,CL,30,10,0,30
aff_43,pl_1306,BR,193,22,0,60
aff_44,pl_1509,CO,119,0,0,30
aff_6,pl_1149,AR,133,20,7,100
aff_6,pl_1063,BR,88,5,1,60
aff_48,pl_1248,MX,44,28,6,30
aff_17,pl_1122,CO,127,19,8,40
aff_29,pl_1210,CL,79,7,4,50
aff_12,pl_1294,CO,190,30,4,50
aff_17,pl_1190,BR,60,3,10,50
aff_24,pl_1113,MX,88,15,0,40
aff_15,pl_1135,CO,56,19,9,100
aff_7,pl_1321,BR,173,4,10,100
aff_50,pl_1337,AR,19,1,3,75
aff_27,pl_1057,CO,35,23,9,75
aff_24,pl_1239,CO,197,29,2,30
aff_1,pl_1326,BR,51,30,4,50
aff_9,pl_1319,MX,137,14,10,30
aff_43,pl_1096,CO,183,8,9,30
aff_6,pl_1365,CO,108,9,3,40
aff_16,pl_1288,BR,147,15,0,60
aff_38,pl_1423,BR,37,15,3,30
aff_47,pl_1458,CO,146,1,6,30
aff_2,pl_1595,AR,165,5,9,60
aff_13,pl_1184,CO,57,8,8,50
aff_14,pl_1572,CL,82,24,10,60
aff_20,pl_1217,MX,33,6,2,50
aff_48,pl_1251,CO,41,17,2,40
aff_47,pl_1386,AR,78,25,10,30
aff_38,pl_1417,MX,189,24,2,60
aff_9,pl_1193,AR,170,28,10,50
aff_20,pl_1323,MX,51,16,2,100
aff_32,pl_1217,BR,89,27,6,100
aff_9,pl_1239,MX,44,0,1,30
aff_43,pl_1405,CO,109,4,2,100
aff_48,pl_1225,BR,54,7,1,75
aff_12,pl_1014,BR,13,3,6,60
aff_14,pl_1269,AR,103,30,7,30
aff_36,pl_1181,CO,196,25,0,60
aff_14,pl_1325,MX,50,1,10,40
aff_33,pl_1583,AR,155,13,3,100
aff_19,pl_1089,MX,172,21,5,30
aff_50,pl_1027,AR,180,15,8,40
aff_5,pl_1543,AR,93,20,5,60
aff_8,pl_1373,BR,40,1,5,30
aff_48,pl_1320,BR,143,25,3,50
aff_32,pl_1219,MX,93,21,8,60
aff_25,pl_1407,CL,173,18,1,60
aff_9,pl_1396,BR,131,23,1,50
aff_9,pl_1164,AR,42,1,7,40
aff_32,pl_1403,MX,33,2,9,30
aff_27,pl_1060,MX,126,23,3,40
aff_8,pl_1130,MX,4,10,6,100
aff_24,pl_1352,CO,55,17,5,60
aff_4,pl_1543,MX,89,3,4,75
aff_9,pl_1448,CO,62,24,0,60
aff_46,pl_1196,CO,6,17,8,30
aff_4,pl_1400,CL,107,21,0,40
aff_40,pl_1574,CO,109,11,4,75
aff_49,pl_1243,MX,8,22,4,50
aff_19,pl_1055,AR,102,24,9,50
aff_2,pl_1279,CO,182,20,1,60
aff_24,pl_1556,CL,22,22,7,30
aff_29,pl_1289,BR,59,7,9,40
aff_15,pl_1528,CL,137,2,3,30
aff_19,pl_1007,CO,64,1,5,75
aff_22,pl_1157,AR,185,25,2,40
aff_46,pl_1358,CL,118,19,1,75
aff_48,pl_1200,CO,92,2,10,40
aff_40,pl_1589,CO,144,22,8,40
aff_4,pl_1467,MX,6,25,7,60
aff_30,pl_1197,CO,4,11,7,40
aff_50,pl_1183,CL,192,11,2,30
aff_32,pl_1487,BR,193,30,6,40
aff_25,pl_1140,CL,156,17,4,75
aff_35,pl_1535,BR,141,12,4,100
aff_46,pl_1474,BR,44,9,3,30
aff_18,pl_1339,MX,83,5,7,30
aff_28,pl_1450,CL,146,16,7,30
aff_36,pl_1169,AR,22,20,3,100
aff_11,pl_1525,AR,110,8,10,75
aff_2,pl_1414,CL,41,6,4,75
aff_41,pl_1401,AR,192,26,10,30
aff_13,pl_1390,CL,70,30,6,40
aff_42,pl_1529,AR,87,0,0,60
aff_40,pl_1169,CO,12,18,5,100
aff_13,pl_1161,MX,175,3,7,30
aff_28,pl_1558,BR,114,5,5,30
aff_47,pl_1194,MX,163,27,10,50
aff_20,pl_1530,CO,28,10,5,50
aff_37,pl_1131,CL,1,15,4,30
aff_23,pl_1238,MX,153,11,9,100
aff_23,pl_1468,BR,78,4,0,60
aff_36,pl_1454,CO,169,14,4,60
aff_41,pl_1599,MX,95,4,7,50
aff_29,pl_1310,CO,41,2,6,40
aff_31,pl_1384,CL,184,15,6,40
aff_18,pl_1332,BR,109,17,9,30
aff_18,pl_1004,AR,6,26,5,100
aff_35,pl_1467,MX,42,22,6,75
aff_48,pl_1597,MX,159,18,0,100
aff_2,pl_1587,AR,18,19,6,60
aff_45,pl_1388,MX,128,24,7,30
aff_30,pl_1333,BR,176,16,2,50
aff_4,pl_1166,CO,180,2,10,30
aff_41,pl_1365,CL,150,19,6,30
aff_40,pl_1536,BR,119,21,9,30
aff_23,pl_1469,AR,40,25,10,60
aff_8,pl_1161,BR,31,19,1,75
aff_47,pl_1041,BR,171,0,2,30
aff_35,pl_1096,AR,171,2,0,75
aff_7,pl_1478,CL,1,20,3,60
aff_23,pl_1450,BR,1,22,7,100
aff_49,pl_1574,BR,131,2,7,60
aff_46,pl_1220,CL,191,27,1,60
aff_3,pl_1285,BR,198,9,5,50
aff_21,pl_1325,MX,80,15,5,60
aff_28,pl_1330,MX,120,16,6,40
aff_25,pl_1069,BR,18,23,9,30
aff_46,pl_1579,MX,69,29,7,40
aff_42,pl_1013,CO,161,24,4,75
aff_14,pl_1006,AR,88,24,10,100
aff_28,pl_1277,AR,103,20,6,100
aff_6,pl_1294,BR,199,19,2,60
aff_20,pl_1095,MX,173,0,3,50
aff_44,pl_1304,CL,198,5,3,75
aff_44,pl_1202,AR,43,18,9,75
aff_14,pl_1007,BR,18,5,1,50
aff_1,pl_1056,AR,106,6,8,40
aff_18,pl_1223,CO,56,4,1,40
aff_3,pl_1304,AR,130,29,1,30
aff_7,pl_1485,MX,164,11,3,100
aff_42,pl_1501,CO,114,7,5,30
aff_39,pl_1362,CO,76,5,4,40
aff_34,pl_1095,CL,29,0,1,75
aff_27,pl_1185,CL,175,16,10,75
aff_6,pl_1223,AR,128,5,7,30
aff_32,pl_1218,CL,8,19,3,100
aff_22,pl_1509,MX,103,28,7,50
aff_46,pl_1133,MX,61,16,10,40
aff_28,pl_1532,AR,38,22,2,30
aff_6,pl_1544,MX,128,20,3,60
aff_44,pl_1390,CL,200,0,3,75
aff_13,pl_1234,CO,51,30,4,40
aff_44,pl_1297,AR,63,28,4,100
aff_26,pl_1280,BR,164,27,9,75
aff_31,pl_1213,AR,138,12,6,100
aff_4,pl_1552,MX,65,23,0,75
aff_43,pl_1342,MX,26,30,6,30
aff_32,pl_1376,CL,184,4,10,75
aff_1,pl_1183,AR,138,29,9,50
aff_28,pl_1279,CL,154,17,9,75
aff_13,pl_1347,BR,123,7,1,100
aff_19,pl_1403,CL,77,28,10,40
aff_26,pl_1167,BR,99,2,9,50
aff_39,pl_1030,CO,179,17,8,100
aff_32,pl_1108,CL,120,10,1,40
aff_45,pl_1192,BR,103,26,8,60
aff_34,pl_1465,CL,98,2,9,60
aff_33,pl_1327,BR,153,13,9,40
aff_9,pl_1493,BR,165,24,7,75
aff_38,pl_1005,AR,143,25,1,50
aff_9,pl_1394,BR,181,19,5,40
aff_47,pl_1485,AR,141,22,8,30
aff_36,pl_1002,CL,133,13,7,30
aff_14,pl_1436,MX,194,28,10,60
aff_45,pl_1393,AR,116,15,9,50
aff_10,pl_1099,CL,2,10,2,75
aff_8,pl_1581,AR,73,23,1,60
aff_20,pl_1198,MX,10,7,6,100
aff_16,pl_1242,MX,152,3,7,60
aff_21,pl_1087,MX,120,18,1,30
aff_49,pl_1482,CO,22,12,6,40
aff_28,pl_1516,AR,140,10,1,60
aff_18,pl_1523,CL,121,30,1,60
aff_12,pl_1426,BR,11,29,1,40
aff_8,pl_1324,CL,80,15,2,100
aff_44,pl_1247,CO,49,0,4,40
aff_7,pl_1033,CL,65,29,4,60
aff_47,pl_1431,CL,199,1,5,40
aff_15,pl_1595,AR,197,2,9,40
aff_35,pl_1340,MX,171,19,1,30
aff_25,pl_1238,CO,174,8,10,50
aff_44,pl_1453,CO,113,5,2,75
aff_15,pl_1230,MX,30,7,7,30
aff_11,pl_1531,AR,65,15,2,60
aff_7,pl_1420,MX,172,26,1,50
aff_48,pl_1270,CL,166,3,6,30
aff_12,pl_1420,CO,184,26,5,60
aff_22,pl_1261,MX,18,10,6,50
aff_33,pl_1119,AR,162,2,1,40
aff_39,pl_1064,AR,122,29,0,40
aff_27,pl_1591,CO,69,15,0,40
aff_29,pl_1052,CO,183,29,2,100
aff_47,pl_1569,CO,65,17,1,100
aff_14,pl_1208,MX,14,28,4,60
aff_4,pl_1279,CO,93,25,6,100
aff_13,pl_1246,MX,197,19,3,60
aff_1,pl_1542,CO,141,14,1,30
aff_32,pl_1430,CO,98,2,5,75
aff_13,pl_1562,MX,5,5,6,100
aff_17,pl_1274,CO,167,19,2,60
aff_5,pl_1506,CL,179,20,1,50
aff_40,pl_1331,CL,102,14,10,50
aff_9,pl_1232,CL,32,11,10,100
aff_39,pl_1056,CL,42,10,5,100
aff_36,pl_1037,CO,75,2,8,60
aff_21,pl_1431,AR,121,12,10,30
aff_39,pl_1225,CL,150,26,3,40
aff_18,pl_1110,CO,16,17,4,40
aff_9,pl_1033,BR,169,15,6,75
aff_31,pl_1347,MX,66,9,10,60
aff_6,pl_1208,CO,128,9,7,60
aff_11,pl_1428,BR,133,19,3,50
aff_3,pl_1364,CO,48,25,1,50
aff_22,pl_1009,BR,21,26,0,40
aff_9,pl_1069,CL,193,20,7,30
aff_29,pl_1208,CO,173,9,8,50
aff_17,pl_1456,MX,46,0,2,60
aff_18,pl_1206,AR,50,22,10,100
aff_17,pl_1485,CL,46,14,6,75
aff_42,pl_1124,CL,200,15,9,60
aff_36,pl_1013,CO,200,12,9,60
aff_27,pl_1558,MX,97,5,8,50
aff_39,pl_1568,AR,179,0,7,40
aff_31,pl_1346,MX,135,1,10,100
aff_29,pl_1560,CO,133,28,1,50
aff_47,pl_1116,MX,144,16,9,40
aff_21,pl_1223,MX,41,11,6,75
aff_38,pl_1035,AR,155,16,5,75
aff_3,pl_1062,AR,2,26,4,40
aff_15,pl_1423,CO,126,0,2,100
aff_18,pl_1290,CO,180,23,2,60
aff_45,pl_1458,CL,198,16,8,40
aff_17,pl_1314,AR,119,17,7,75
aff_25,pl_1449,MX,132,20,0,30
aff_48,pl_1055,CO,187,0,0,40
aff_36,pl_1167,BR,52,21,1,60
aff_5,pl_1120,AR,117,2,10,40
aff_9,pl_1398,AR,16,20,3,40
aff_21,pl_1346,MX,53,25,7,75
aff_4,pl_1391,CO,120,12,6,30
aff_4,pl_1495,CL,96,27,0,30
aff_7,pl_1510,BR,17,1,1,50
aff_14,pl_1091,AR,47,20,9,60
aff_11,pl_1015,CL,53,1,6,30
aff_48,pl_1571,CO,140,27,0,50
aff_15,pl_1159,CO,188,23,10,40
aff_3,pl_1521,CO,57,2,0,50
aff_26,pl_1559,MX,199,16,10,75
aff_44,pl_1084,MX,88,25,1,50
aff_50,pl_1185,BR,166,6,6,50
aff_32,pl_1259,CO,158,2,3,40
aff_25,pl_1420,AR,185,14,0,50
aff_5,pl_1511,CO,59,11,4,30
aff_26,pl_1218,MX,44,27,0,40
aff_21,pl_1046,AR,129,14,3,40
aff_22,pl_1175,MX,158,19,6,75
aff_14,pl_1042,AR,72,18,4,100
aff_7,pl_1311,CL,22,29,9,30
aff_49,pl_1111,MX,43,28,8,50
aff_15,pl_1158,CL,157,12,8,30
aff_27,pl_1045,CO,168,27,2,30
aff_44,pl_1506,CL,78,16,10,60
aff_1,pl_1359,AR,169,29,2,60
aff_1,pl_1549,CL,20,12,8,60
aff_26,pl_1070,AR,10,0,1,50
aff_43,pl_1017,BR,152,25,4,60
aff_4,pl_1033,CO,60,26,0,60
aff_47,pl_1260,MX,74,7,8,30
aff_37,pl_1201,MX,44,24,0,50
aff_28,pl_1065,AR,200,4,0,50
aff_45,pl_1139,CO,84,12,6,40
aff_17,pl_1530,BR,24,24,2,60
aff_43,pl_1491,CO,184,13,4,40
aff_11,pl_1311,CO,63,24,3,60
aff_7,pl_1328,MX,81,28,1,60
aff_28,pl_1522,BR,159,5,3,75
aff_25,pl_1101,MX,39,4,10,100
aff_40,pl_1386,CL,115,0,0,60
aff_45,pl_1179,MX,152,30,0,60
aff_6,pl_1295,MX,176,7,10,75
aff_31,pl_1052,AR,40,13,2,30
aff_10,pl_1353,AR,185,5,3,50
aff_14,pl_1561,CO,140,17,5,50
aff_18,pl_1374,CO,100,26,6,75
aff_49,pl_1536,BR,156,2,6,100
aff_1,pl_1084,BR,73,26,7,60
aff_24,pl_1217,MX,178,3,6,60
aff_18,pl_1371,CL,144,6,6,100
aff_43,pl_1537,AR,49,30,8,100
aff_48,pl_1384,AR,200,6,10,40
aff_46,pl_1197,MX,110,16,10,40
aff_29,pl_1234,AR,143,17,6,50
aff_40,pl_1527,MX,150,4,0,75
aff_25,pl_1196,BR,137,14,8,60
aff_38,pl_1394,BR,84,18,5,40
aff_21,pl_1576,CL,139,24,9,50
aff_50,pl_1579,CL,178,18,0,50
aff_47,pl_1040,MX,56,14,10,100
aff_41,pl_1523,AR,123,18,8,60
aff_36,pl_1562,CO,169,0,8,30
aff_1,pl_1185,MX,199,13,2,40
aff_41,pl_1489,CL,62,12,9,100
aff_44,pl_1212,MX,109,1,2,50
aff_44,pl_1483,BR,45,25,10,40
aff_33,pl_1111,BR,192,6,4,50
aff_13,pl_1234,BR,73,5,8,40
aff_23,pl_1286,BR,132,28,10,75
aff_9,pl_1455,AR,100,4,8,40
aff_8,pl_1448,CL,24,21,0,60
aff_5,pl_1214,MX,185,23,6,40
aff_8,pl_1465,MX,132,9,7,100
aff_8,pl_1239,CO,49,24,1,30
aff_2,pl_1159,CL,154,17,5,30
aff_40,pl_1144,MX,60,4,4,30
aff_8,pl_1196,CL,34,12,4,60
aff_48,pl_1301,CL,171,26,10,40
aff_18,pl_1467,CO,33,9,10,60
aff_5,pl_1015,BR,107,6,2,100
aff_25,pl_1515,BR,4,8,5,100
aff_45,pl_1283,CL,67,3,2,50
aff_38,pl_1273,CL,175,5,4,75
aff_9,pl_1472,AR,98,11,10,40
aff_13,pl_1360,MX,6,15,7,60
aff_37,pl_1499,BR,89,28,0,50
aff_44,pl_1226,AR,139,4,4,75
aff_47,pl_1297,BR,167,8,6,75
aff_7,pl_1409,BR,188,23,10,30
aff_33,pl_1221,AR,41,22,4,100
aff_41,pl_1431,BR,163,30,9,75
aff_12,pl_1154,CL,161,0,2,75
aff_47,pl_1030,BR,180,24,1,75
aff_38,pl_1081,CO,2,13,10,40
aff_4,pl_1327,MX,110,21,5,50
aff_48,pl_1005,AR,174,5,1,60
aff_24,pl_1448,AR,132,0,1,60
aff_10,pl_1155,AR,163,5,1,75
aff_2,pl_1168,AR,138,14,6,60
aff_39,pl_1223,MX,115,10,7,100
aff_25,pl_1096,CO,47,29,2,60
aff_49,pl_1222,CL,178,18,6,30
aff_46,pl_1367,CO,14,13,3,100
aff_42,pl_1522,AR,125,11,10,30
aff_38,pl_1221,CO,84,28,3,30
aff_31,pl_1316,AR,95,19,8,60
aff_20,pl_1041,CL,1,20,8,30
aff_50,pl_1161,MX,102,3,6,60
aff_20,pl_1104,AR,95,16,4,50
aff_28,pl_1170,BR,157,15,4,40
aff_47,pl_1550,CO,117,17,0,30
aff_39,pl_1084,CL,174,10,9,30
aff_38,pl_1302,MX,191,23,2,40
aff_6,pl_1518,BR,116,26,7,60
aff_5,pl_1294,BR,112,16,0,50
aff_33,pl_1528,MX,99,16,4,50
aff_32,pl_1317,MX,180,13,0,60
aff_47,pl_1394,BR,10,2,0,40
aff_16,pl_1432,CL,150,26,7,30
aff_47,pl_1113,AR,54,2,5,75
aff_45,pl_1380,MX,109,5,8,100
aff_49,pl_1215,CL,112,14,10,30
aff_36,pl_1470,BR,33,19,3,100
aff_27,pl_1382,AR,168,2,8,100
aff_48,pl_1328,CO,87,30,0,60
aff_37,pl_1427,MX,109,21,9,75
aff_9,pl_1321,CO,75,8,4,30
aff_27,pl_1363,BR,92,12,1,100
aff_28,pl_1202,AR,188,2,9,100
aff_14,pl_1574,CL,43,8,3,30
aff_25,pl_1368,BR,89,21,9,50
aff_13,pl_1466,AR,153,5,9,100
aff_35,pl_1580,CO,81,11,8,100
aff_12,pl_1154,CL,143,17,5,60
aff_2,pl_1273,BR,133,15,1,50
aff_25,pl_1047,AR,113,0,7,75
aff_23,pl_1016,AR,125,20,0,60
aff_22,pl_1497,AR,144,3,10,30
aff_47,pl_1068,CL,161,12,4,60
aff_6,pl_1292,CO,153,9,9,40
aff_17,pl_1303,AR,16,30,0,100
aff_34,pl_1300,AR,141,16,1,50
aff_48,pl_1576,CL,152,14,0,100
aff_50,pl_1151,AR,159,1,2,60
aff_24,pl_1225,AR,105,7,1,75
aff_4,pl_1216,CO,22,4,4,30
aff_46,pl_1236,BR,111,18,5,30
aff_4,pl_1351,AR,78,8,0,50
aff_39,pl_1027,CL,116,4,0,30
aff_33,pl_1268,BR,173,5,9,50
aff_18,pl_1413,CL,14,18,6,50
aff_18,pl_1573,CO,145,29,2,40
aff_25,pl_1211,CL,160,0,3,30
aff_2,pl_1331,BR,162,22,8,75
aff_38,pl_1202,CL,144,17,10,50
aff_19,pl_1512,BR,96,29,7,60
aff_37,pl_1186,BR,70,8,0,100
aff_8,pl_1527,CO,151,7,6,60
aff_17,pl_1242,MX,172,12,1,100
aff_1,pl_1548,BR,183,20,1,40
aff_21,pl_1265,AR,184,24,9,100
aff_38,pl_1133,CL,53,0,1,40
aff_18,pl_1480,CL,63,21,1,40
aff_23,pl_1136,BR,104,6,7,60
aff_21,pl_1008,CO,112,15,7,30
aff_27,pl_1149,BR,27,11,6,75
aff_16,pl_1301,MX,145,13,8,60
aff_7,pl_1091,AR,114,3,3,75
aff_9,pl_1397,BR,23,26,0,75
aff_36,pl_1013,BR,160,30,0,50
aff_26,pl_1060,CO,5,6,5,75
aff_3,pl_1485,AR,185,15,7,30
aff_7,pl_1511,CO,90,12,2,30
aff_47,pl_1041,CO,51,5,10,100
aff_47,pl_1407,CO,120,19,3,100
aff_19,pl_1506,AR,72,15,4,40
aff_41,pl_1196,BR,119,0,9,40
aff_6,pl_1058,AR,23,22,5,40
aff_5,pl_1416,AR,156,30,6,60
aff_37,pl_1094,CO,77,5,7,100
aff_49,pl_1057,CO,143,13,10,40
aff_22,pl_1538,CL,83,14,8,75
aff_41,pl_1503,MX,101,17,3,60
aff_23,pl_1085,CL,81,29,4,40
aff_26,pl_1466,CO,186,6,5,30
aff_37,pl_1446,MX,87,29,4,60
aff_3,pl_1147,AR,171,12,1,50
aff_29,pl_1226,CO,51,1,6,50
aff_22,pl_1240,BR,15,9,1,100
aff_48,pl_1227,CL,145,5,5,30
aff_19,pl_1187,MX,190,14,4,75
aff_34,pl_1195,CL,125,11,2,30
aff_10,pl_1294,BR,80,4,8,100
aff_47,pl_1388,BR,68,16,2,100
aff_27,pl_1306,BR,99,14,9,100
aff_16,pl_1405,CO,164,24,0,50
aff_6,pl_1173,AR,99,13,2,40
aff_28,pl_1450,CL,11,10,2,30
aff_50,pl_1205,AR,29,15,9,60
aff_46,pl_1332,CO,27,0,8,100
aff_36,pl_1201,CL,113,15,0,30
aff_44,pl_1360,CO,65,13,3,50
aff_30,pl_1317,MX,155,4,5,100
aff_18,pl_1047,MX,94,9,2,40
aff_49,pl_1034,AR,184,20,3,30
aff_21,pl_1552,AR,193,28,8,100
aff_25,pl_1044,BR,111,11,0,60
aff_30,pl_1557,AR,138,21,0,30
aff_29,pl_1295,AR,29,5,1,100
aff_24,pl_1014,CO,85,19,5,100
aff_17,pl_1089,BR,16,0,3,40
aff_10,pl_1390,CO,95,18,9,75
aff_39,pl_1005,CL,49,3,3,40
aff_18,pl_1192,MX,149,20,9,75
aff_21,pl_1202,CO,41,2,10,50
aff_24,pl_1524,CO,70,1,4,60
aff_17,pl_1399,CO,69,21,3,30
aff_16,pl_1177,CL,33,29,5,50
aff_10,pl_1323,MX,47,24,1,50
aff_1,pl_1596,MX,171,23,8,40
aff_35,pl_1565,CL,139,2,3,60
aff_9,pl_1300,MX,50,14,0,100
aff_27,pl_1350,AR,51,21,8,60
aff_40,pl_1429,AR,37,0,5,50
aff_36,pl_1032,MX,127,5,10,100
aff_41,pl_1412,CL,42,18,5,50
aff_42,pl_1493,BR,182,22,0,40
aff_28,pl_1165,MX,189,24,5,40
aff_15,pl_1235,AR,96,23,5,100
aff_8,pl_1252,CL,7,11,1,75
aff_19,pl_1226,CO,26,19,5,50
aff_30,pl_1503,AR,58,28,8,40
aff_26,pl_1401,BR,93,19,5,40
aff_30,pl_1184,BR,95,8,6,40
aff_5,pl_1014,AR,150,28,2,60
aff_6,pl_1149,CL,21,0,7,100
aff_32,pl_1261,MX,54,10,3,30
aff_23,pl_1189,CL,174,5,6,100
aff_19,pl_1031,BR,157,19,5,75
aff_45,pl_1369,BR,19,4,1,60
aff_29,pl_1545,BR,162,27,6,75
aff_11,pl_1178,BR,34,22,9,30
aff_6,pl_1321,CO,194,3,7,30
aff_25,pl_1548,MX,18,3,7,60
aff_31,pl_1174,AR,83,30,3,60
aff_49,pl_1206,AR,156,2,1,30
aff_10,pl_1128,MX,3,2,6,60
aff_49,pl_1396,MX,94,26,0,40
aff_10,pl_1448,MX,164,23,6,75
aff_15,pl_1260,BR,168,15,9,30
aff_12,pl_1277,AR,102,16,6,50
aff_49,pl_1347,MX,132,13,9,75
aff_17,pl_1369,BR,134,4,3,50
aff_25,pl_1307,CL,162,17,7,50
aff_38,pl_1125,CO,128,18,6,40
aff_3,pl_1357,CO,16,23,7,60
aff_44,pl_1539,CO,94,16,3,50
aff_9,pl_1294,CL,51,24,2,40
aff_10,pl_1154,MX,135,27,2,75
aff_6,pl_1570,CO,78,12,0,60
aff_46,pl_1415,CL,35,5,10,30
aff_43,pl_1456,BR,57,30,7,60
aff_47,pl_1429,CO,22,25,4,30
aff_50,pl_1267,AR,150,2,5,30
aff_50,pl_1249,MX,113,4,5,40
aff_45,pl_1559,BR,106,10,6,75
aff_25,pl_1304,BR,199,30,6,100
aff_37,pl_1450,AR,20,2,10,100
aff_1,pl_1275,CO,42,16,3,30
aff_13,pl_1093,AR,177,8,10,100
aff_18,pl_1175,AR,196,4,7,75
aff_4,pl_1118,CO,161,16,0,60
aff_43,pl_1382,AR,28,19,10,50
aff_23,pl_1424,CO,147,29,3,30
aff_15,pl_1475,MX,102,17,9,75
aff_24,pl_1372,MX,56,30,8,40
aff_13,pl_1365,CL,159,22,0,40
aff_11,pl_1095,AR,139,17,4,100
aff_43,pl_1068,MX,149,23,0,60
aff_12,pl_1277,MX,117,25,2,100
aff_16,pl_1404,CO,128,17,3,60
aff_33,pl_1585,CL,51,28,9,30
aff_4,pl_1490,BR,115,25,2,30
aff_16,pl_1071,CO,36,16,2,30
aff_18,pl_1074,CO,64,23,4,75
aff_39,pl_1255,AR,199,30,9,60
aff_4,pl_1236,AR,9,22,2,40
aff_7,pl_1396,AR,138,8,4,40
aff_6,pl_1463,MX,177,17,8,50
aff_2,pl_1315,MX,114,19,1,60
aff_14,pl_1221,CO,143,10,7,75
aff_45,pl_1480,CL,137,22,5,75
aff_9,pl_1045,CO,21,28,5,60
aff_43,pl_1396,AR,195,18,4,100
aff_30,pl_1184,AR,122,30,9,40
aff_7,pl_1518,BR,12,3,7,100
aff_39,pl_1114,MX,71,26,7,50
aff_17,pl_1035,CL,2,27,6,75
aff_37,pl_1409,MX,44,28,7,100
aff_26,pl_1020,CO,143,29,0,60
aff_33,pl_1225,CL,160,13,9,100
aff_6,pl_1055,BR,6,16,8,75
aff_2,pl_1163,MX,9,4,9,75
aff_27,pl_1171,CL,77,28,5,40
aff_10,pl_1161,AR,68,0,9,75
aff_13,pl_1053,CO,62,1,1,50
aff_6,pl_1564,MX,194,9,8,75
aff_25,pl_1240,BR,101,10,4,50
aff_7,pl_1125,CL,47,11,7,40
aff_35,pl_1527,AR,106,17,10,30
aff_4,pl_1306,CL,156,13,0,50
aff_8,pl_1075,MX,181,20,10,75
aff_46,pl_1359,MX,153,16,3,30
aff_5,pl_1225,MX,95,23,6,40
aff_20,pl_1203,BR,114,2,3,60
aff_25,pl_1061,MX,61,2,2,60
aff_39,pl_1539,CO,123,26,2,60
aff_16,pl_1160,MX,80,5,9,75
aff_12,pl_1034,BR,96,13,6,30
aff_5,pl_1355,CL,147,5,10,40
aff_16,pl_1292,CO,169,21,5,60
aff_35,pl_1584,MX,178,4,7,75
aff_27,pl_1565,MX,96,12,0,40
aff_33,pl_1314,BR,109,5,9,50
aff_43,pl_1367,CL,2,21,0,50
aff_33,pl_1344,BR,194,16,10,40
aff_19,pl_1091,BR,175,26,1,75
aff_45,pl_1250,MX,81,13,2,75
aff_45,pl_1073,AR,106,16,4,40
aff_19,pl_1110,BR,139,20,0,50
aff_22,pl_1059,MX,160,8,6,100
aff_14,pl_1247,AR,52,13,4,100
aff_31,pl_1194,AR,63,16,4,40
aff_8,pl_1022,CL,150,23,3,50
aff_1,pl_1182,BR,181,5,0,40
aff_9,pl_1136,AR,72,23,10,40
aff_43,pl_1299,CL,173,23,8,30
aff_19,pl_1357,CO,29,21,6,60
aff_1,pl_1445,BR,62,16,9,40
aff_3,pl_1158,CO,153,12,1,30
aff_14,pl_1559,MX,152,8,10,30
aff_46,pl_1504,BR,40,30,9,40
aff_46,pl_1072,AR,140,22,2,100
aff_22,pl_1020,CL,151,25,5,40
aff_31,pl_1252,BR,83,12,0,60
aff_20,pl_1287,MX,47,20,1,40
aff_23,pl_1472,AR,188,13,8,40
aff_3,pl_1102,CL,110,13,9,75
aff_12,pl_1286,BR,48,20,5,75
aff_47,pl_1079,CL,160,0,5,75
aff_34,pl_1006,AR,132,2,6,60
aff_42,pl_1286,CL,32,6,9,75
aff_42,pl_1494,MX,44,4,0,40
aff_29,pl_1046,BR,62,22,2,50
aff_23,pl_1006,AR,172,24,7,40
aff_43,pl_1540,CO,90,6,7,40
aff_4,pl_1015,CO,137,28,3,40
aff_50,pl_1190,CL,55,29,6,75
aff_13,pl_1300,BR,60,18,8,40
aff_49,pl_1565,CL,56,13,7,100
aff_44,pl_1102,MX,149,6,7,100
aff_2,pl_1529,CL,91,9,9,30
aff_48,pl_1224,MX,131,22,1,40
aff_25,pl_1364,BR,153,19,4,30
aff_18,pl_1597,BR,11,15,4,75
aff_42,pl_1531,CL,93,13,8,50
aff_50,pl_1547,CL,20,7,0,30
aff_41,pl_1086,AR,142,4,3,30
aff_20,pl_1012,CL,136,28,6,30
aff_43,pl_1441,BR,13,0,7,50
aff_16,pl_1422,BR,180,5,4,100
aff_29,pl_1528,MX,128,4,0,75
aff_50,pl_1582,CL,125,12,9,50
aff_19,pl_1110,MX,18,4,10,50
aff_5,pl_1183,CO,175,3,0,40
aff_19,pl_1410,CO,189,3,3,100
aff_11,pl_1087,CL,46,4,2,100
aff_35,pl_1450,CO,199,20,9,40
aff_27,pl_1287,MX,106,6,2,40
aff_49,pl_1502,AR,15,2,3,60
aff_19,pl_1157,MX,115,4,7,40
aff_50,pl_1562,CL,174,5,6,40
aff_50,pl_1415,CO,149,15,9,40
aff_33,pl_1568,CL,139,2,4,60
aff_30,pl_1505,AR,42,23,2,75
aff_16,pl_1338,AR,65,13,7,40
aff_31,pl_1209,CL,116,27,8,100
aff_49,pl_1369,CO,123,1,10,50
aff_42,pl_1072,AR,109,12,4,75
aff_45,pl_1437,CO,144,10,3,30
aff_1,pl_1480,CL,43,6,2,100
aff_9,pl_1390,CL,183,17,2,30
aff_2,pl_1581,BR,14,29,9,30
aff_19,pl_1140,CL,45,13,7,100
aff_30,pl_1123,MX,121,3,7,60
aff_5,pl_1208,CO,115,22,5,60
aff_9,pl_1173,AR,153,20,1,30
aff_1,pl_1052,CL,139,24,5,75
aff_43,pl_1328,AR,117,25,6,40
aff_1,pl_1588,BR,8,11,0,30
aff_30,pl_1293,AR,38,27,8,50
aff_44,pl_1395,MX,144,21,4,60
aff_22,pl_1272,MX,26,21,3,60
aff_32,pl_1427,CL,198,29,1,60
aff_4,pl_1405,CO,117,19,10,40
aff_7,pl_1483,CL,5,27,6,40
aff_22,pl_1449,AR,199,15,6,60
aff_8,pl_1493,BR,185,10,9,50
aff_19,pl_1011,BR,121,20,9,100
aff_12,pl_1588,BR,154,29,0,50
aff_22,pl_1557,AR,18,26,6,40
aff_43,pl_1090,CO,49,29,8,40
aff_29,pl_1421,BR,40,0,2,30
aff_32,pl_1588,CL,93,12,6,30
aff_23,pl_1413,MX,111,17,3,100
aff_32,pl_1271,AR,86,12,5,75
aff_43,pl_1174,CL,122,2,7,30
aff_30,pl_1229,CL,184,26,6,40
aff_41,pl_1467,MX,19,1,4,100
aff_2,pl_1170,MX,180,14,2,30
aff_11,pl_1112,CL,115,25,10,100
aff_6,pl_1228,AR,10,13,9,75
aff_19,pl_1451,MX,3,25,2,40
aff_46,pl_1051,AR,13,4,5,50
aff_1,pl_1500,BR,27,4,0,40
aff_5,pl_1298,BR,130,30,7,100
aff_48,pl_1160,CO,168,29,5,40
aff_21,pl_1398,BR,186,22,6,60
aff_6,pl_1333,CL,125,29,8,60
aff_18,pl_1070,CO,94,7,0,40
aff_44,pl_1160,CL,150,17,3,60
aff_22,pl_1462,MX,186,27,10,100
aff_15,pl_1478,CL,81,11,8,40
aff_16,pl_1200,AR,79,16,8,30
aff_9,pl_1392,CO,120,19,6,100
aff_13,pl_1147,CO,67,23,9,75
aff_23,pl_1128,CL,134,30,7,40
aff_5,pl_1392,MX,59,14,6,40
aff_28,pl_1458,MX,163,28,10,75
aff_18,pl_1113,AR,122,4,4,100
aff_23,pl_1086,CO,188,3,7,75
aff_9,pl_1087,BR,122,20,0,40
aff_45,pl_1306,CO,29,18,6,40
aff_28,pl_1044,MX,99,18,2,75
aff_50,pl_1224,CO,97,13,5,50
aff_1,pl_1323,AR,76,5,10,60
aff_42,pl_1293,CL,129,22,0,40
aff_18,pl_1443,CL,87,24,9,100
aff_23,pl_1116,CL,77,14,5,50
aff_16,pl_1525,AR,132,15,4,75
aff_31,pl_1280,AR,196,22,0,75
aff_6,pl_1104,MX,53,9,5,50
aff_20,pl_1396,MX,133,25,3,100
aff_47,pl_1341,MX,150,23,4,50
aff_48,pl_1259,AR,130,10,0,100
aff_12,pl_1280,CL,69,18,3,60
aff_20,pl_1463,CL,9,19,2,40
aff_42,pl_1058,CL,148,17,1,40
aff_36,pl_1022,AR,194,6,9,40
aff_13,pl_1525,AR,95,5,9,100
aff_28,pl_1574,CL,101,15,3,50
aff_39,pl_1152,CO,139,20,1,30
aff_6,pl_1008,CL,54,4,2,60
aff_16,pl_1185,CL,71,21,10,60
aff_48,pl_1262,MX,113,8,1,60
aff_44,pl_1088,CL,69,30,2,75
aff_20,pl_1232,CO,137,11,5,60
aff_25,pl_1191,CO,56,30,9,60
aff_21,pl_1029,CO,184,29,2,40
aff_27,pl_1098,CO,55,27,10,60
aff_33,pl_1225,MX,91,17,2,50
aff_2,pl_1311,CL,117,1,9,100
aff_39,pl_1406,AR,132,18,8,60
aff_33,pl_1364,MX,10,8,2,40
aff_41,pl_1225,CO,149,12,6,100
aff_35,pl_1367,MX,109,19,3,30
aff_7,pl_1035,CL,187,27,8,75
aff_16,pl_1231,AR,194,19,2,75
aff_34,pl_1453,CO,112,29,9,100
aff_39,pl_1038,BR,76,20,1,100
aff_7,pl_1132,AR,53,7,1,30
aff_9,pl_1490,CL,124,23,0,30
aff_34,pl_1527,CO,153,28,0,100
aff_49,pl_1234,MX,181,29,5,100
aff_10,pl_1202,BR,44,8,9,30
aff_33,pl_1090,CO,148,13,0,50
aff_17,pl_1322,CO,14,0,8,30
aff_8,pl_1165,BR,114,28,4,30
aff_37,pl_1499,MX,85,21,7,30
aff_38,pl_1087,BR,173,17,1,100
aff_18,pl_1122,CO,79,5,3,100
aff_48,pl_1578,BR,17,7,7,30
aff_23,pl_1114,MX,3,22,1,100
aff_33,pl_1375,CL,11,13,9,75
aff_32,pl_1520,AR,145,22,9,100
aff_44,pl_1312,CO,172,23,9,100
aff_18,pl_1482,CL,111,19,0,50
aff_30,pl_1310,MX,178,26,4,40
aff_47,pl_1461,AR,122,28,3,100
aff_22,pl_1227,CO,143,1,0,100
aff_14,pl_1351,MX,171,8,3,75
aff_6,pl_1277,BR,58,1,4,75
aff_40,pl_1301,BR,79,19,5,100
aff_8,pl_1073,MX,9,28,2,75
aff_49,pl_1443,AR,20,18,10,100
aff_48,pl_1354,AR,153,20,4,75
aff_17,pl_1199,AR,41,21,6,75
aff_32,pl_1149,MX,80,0,8,50
aff_42,pl_1514,CL,67,27,8,100
aff_8,pl_1278,CO,94,1,0,100
aff_9,pl_1167,MX,32,9,6,60
aff_41,pl_1094,CL,2,9,2,75
aff_47,pl_1171,MX,56,15,8,75
aff_42,pl_1109,BR,65,1,1,75
aff_39,pl_1060,MX,109,2,10,30
aff_11,pl_1535,MX,47,26,8,40
aff_33,pl_1508,CO,2,18,0,40
aff_35,pl_1408,AR,148,30,8,60
aff_47,pl_1352,CL,146,15,9,30
aff_34,pl_1443,BR,178,28,7,50
aff_43,pl_1352,AR,125,1,10,50
aff_30,pl_1564,CO,189,5,3,40
aff_23,pl_1063,AR,19,24,10,40
aff_48,pl_1295,CL,152,1,6,100
aff_31,pl_1251,BR,14,2,6,40
aff_26,pl_1493,CO,37,19,10,100
aff_47,pl_1402,BR,168,20,10,100
aff_22,pl_1337,CO,118,1,2,50
aff_49,pl_1205,BR,200,17,6,40
aff_40,pl_1392,CL,109,28,8,60
aff_50,pl_1418,AR,115,1,3,50
aff_48,pl_1408,BR,47,29,5,75
aff_45,pl_1068,CL,189,21,0,100
aff_24,pl_1191,CL,153,28,8,60
aff_27,pl_1147,CL,59,14,9,30
aff_32,pl_1301,AR,68,17,3,50
aff_21,pl_1293,CO,183,20,4,75
aff_4,pl_1123,BR,6,25,9,40
aff_24,pl_1041,BR,10,25,2,60
aff_44,pl_1069,CO,22,28,8,100
aff_44,pl_1521,BR,42,21,7,30
aff_45,pl_1225,BR,159,25,4,30
aff_33,pl_1209,CO,2,28,5,40
aff_41,pl_1124,MX,140,8,6,30
aff_50,pl_1474,CO,168,14,0,50
aff_19,pl_1101,CL,149,10,10,30
aff_40,pl_1040,CO,169,6,7,100
aff_32,pl_1308,AR,2,18,0,75
aff_33,pl_1518,CL,186,29,4,75
aff_31,pl_1173,BR,9,0,8,30
aff_32,pl_1559,AR,61,8,1,60
aff_11,pl_1439,CO,131,17,8,50
aff_24,pl_1305,BR,99,7,9,50
aff_42,pl_1407,BR,1,12,6,40
aff_32,pl_1300,CL,179,7,1,60
aff_13,pl_1520,BR,53,12,10,50
aff_25,pl_1589,CO,150,24,8,50
aff_34,pl_1223,CO,133,8,1,30
aff_11,pl_1469,AR,71,25,7,75
aff_24,pl_1262,MX,111,22,4,75
aff_39,pl_1076,MX,175,15,2,60
aff_32,pl_1586,MX,127,7,0,30
aff_36,pl_1577,CO,132,3,2,40
aff_26,pl_1319,BR,136,26,7,60
aff_14,pl_1153,CL,77,6,5,75
aff_48,pl_1513,CO,99,24,2,40
aff_28,pl_1436,MX,55,18,4,75
aff_40,pl_1170,AR,113,7,4,100
aff_22,pl_1044,MX,151,25,0,30
aff_30,pl_1053,CL,200,17,10,75
aff_14,pl_1155,CL,41,13,2,40
aff_16,pl_1064,CL,170,4,6,30
aff_18,pl_1392,CL,142,2,4,30
aff_22,pl_1331,BR,163,9,1,30
aff_11,pl_1174,BR,188,18,4,75
aff_23,pl_1050,CO,86,24,9,75
aff_9,pl_1346,CL,142,1,10,75
aff_42,pl_1525,BR,62,7,1,30
aff_3,pl_1231,CL,88,5,6,75
aff_28,pl_1552,MX,64,28,1,60
aff_5,pl_1436,AR,15,27,6,60
aff_48,pl_1287,CO,98,2,4,75
aff_23,pl_1234,CL,37,7,2,30
aff_46,pl_1063,CO,144,9,6,75
aff_3,pl_1429,CO,33,13,1,60
aff_17,pl_1176,BR,11,26,9,40
aff_19,pl_1106,AR,15,1,2,40
aff_24,pl_1572,BR,173,22,8,100
aff_13,pl_1001,BR,3,8,3,60
aff_23,pl_1068,AR,65,14,4,30
aff_45,pl_1568,BR,74,24,5,50
aff_47,pl_1307,AR,159,20,1,75
aff_23,pl_1519,AR,97,15,8,75
aff_23,pl_1171,CO,44,1,9,60
aff_20,pl_1202,CL,118,3,5,75
aff_4,pl_1327,AR,43,22,5,40
aff_36,pl_1561,AR,20,28,1,40
aff_30,pl_1059,CL,9,25,8,75
aff_46,pl_1100,MX,144,17,1,30
aff_11,pl_1551,MX,49,2,9,100
aff_34,pl_1368,CL,167,17,0,40
aff_50,pl_1387,BR,146,3,7,100
aff_47,pl_1290,MX,171,15,2,40
aff_28,pl_1551,CO,60,4,1,100
aff_21,pl_1239,BR,51,17,4,30
aff_12,pl_1328,CO,135,21,4,40
aff_15,pl_1127,CO,5,24,3,50
aff_38,pl_1586,CO,145,8,0,50
aff_48,pl_1550,AR,50,14,3,75
aff_50,pl_1026,CO,161,21,1,100
aff_13,pl_1128,MX,34,25,9,50
aff_36,pl_1504,MX,39,29,9,40
aff_45,pl_1319,CL,76,29,6,60
aff_42,pl_1229,AR,98,29,7,40
aff_37,pl_1159,AR,92,4,8,50
aff_26,pl_1542,AR,197,7,8,75
aff_38,pl_1383,MX,94,11,3,50
aff_28,pl_1414,AR,17,6,7,100
aff_15,pl_1560,CO,51,25,2,40
aff_45,pl_1568,MX,106,1,2,30
aff_39,pl_1117,MX,35,10,8,100
aff_38,pl_1434,CO,84,19,8,50
aff_19,pl_1377,MX,86,19,6,30
aff_45,pl_1303,CL,176,5,10,100
aff_35,pl_1082,CO,120,8,5,100
aff_10,pl_1426,CL,4,10,6,30
aff_16,pl_1501,BR,125,11,6,100
aff_2,pl_1460,MX,176,0,3,30
aff_29,pl_1316,AR,122,5,4,30
aff_12,pl_1240,CL,13,22,9,40
aff_47,pl_1573,CL,195,8,6,60
aff_49,pl_1301,BR,35,7,6,40
aff_21,pl_1103,AR,126,1,0,75
aff_15,pl_1387,AR,113,30,7,40
aff_32,pl_1499,AR,42,5,3,30
aff_40,pl_1304,BR,166,7,6,75
aff_46,pl_1210,BR,25,9,9,30
aff_48,pl_1332,MX,64,1,3,60
aff_17,pl_1125,MX,77,12,10,75
aff_31,pl_1058,BR,175,9,0,60
aff_13,pl_1562,BR,100,3,5,100
aff_1,pl_1084,AR,44,27,2,30
aff_20,pl_1431,BR,46,25,6,30
aff_29,pl_1251,AR,94,0,6,40
aff_41,pl_1471,CO,155,13,7,50
aff_37,pl_1009,BR,121,11,0,50
aff_49,pl_1316,MX,103,24,4,40
aff_47,pl_1018,MX,44,12,4,40
aff_47,pl_1176,AR,142,14,0,40
aff_36,pl_1308,BR,189,27,7,100
aff_3,pl_1231,AR,156,28,5,40
aff_33,pl_1116,AR,154,8,6,100
aff_17,pl_1574,MX,89,2,9,100
aff_15,pl_1230,BR,97,4,0,50
aff_1,pl_1116,MX,133,1,9,60
aff_2,pl_1468,BR,106,6,4,40
aff_44,pl_1478,BR,179,10,3,75
aff_37,pl_1199,AR,107,8,5,60
aff_43,pl_1147,AR,38,27,8,40
aff_34,pl_1042,CO,45,18,7,40
aff_12,pl_1353,CO,14,22,6,30
aff_10,pl_1420,CO,23,17,8,60
aff_6,pl_1437,AR,91,25,9,40
aff_42,pl_1231,MX,140,20,0,75
aff_31,pl_1165,CL,63,10,5,100
aff_33,pl_1051,BR,183,18,9,75
aff_7,pl_1157,BR,145,2,0,75
aff_42,pl_1366,AR,83,2,1,40
aff_18,pl_1579,CL,144,6,5,75
aff_36,pl_1252,AR,27,28,5,60
aff_11,pl_1463,CL,85,24,10,100
aff_19,pl_1094,MX,144,2,0,50
aff_5,pl_1013,MX,199,15,7,75
aff_50,pl_1276,CL,182,30,9,40
aff_42,pl_1571,CL,48,6,3,40
aff_5,pl_1104,AR,102,12,10,50
aff_3,pl_1284,MX,153,26,0,75
aff_16,pl_1123,BR,151,17,3,75
aff_10,pl_1451,BR,43,25,1,50
aff_48,pl_1333,CL,109,23,4,100
aff_39,pl_1186,CL,176,23,3,50
aff_45,pl_1586,BR,38,10,7,30
aff_13,pl_1077,MX,150,16,10,30
aff_47,pl_1258,MX,49,0,0,60
aff_46,pl_1140,BR,43,2,1,75
aff_44,pl_1328,MX,105,14,4,30
aff_12,pl_1080,CO,185,26,7,75
aff_34,pl_1161,MX,25,21,8,75
aff_46,pl_1436,CL,196,28,10,100
aff_26,pl_1339,BR,101,0,7,40
aff_21,pl_1456,AR,119,3,2,40
aff_6,pl_1262,AR,130,16,6,40
aff_24,pl_1242,BR,181,30,2,50
aff_34,pl_1441,CL,19,6,3,60
aff_2,pl_1415,CL,136,30,1,50
aff_20,pl_1544,CL,193,17,8,75
aff_35,pl_1008,AR,39,29,8,30
aff_1,pl_1192,CL,3,12,0,75
aff_33,pl_1147,MX,40,18,7,100
aff_44,pl_1331,CL,95,0,4,60
aff_23,pl_1209,CO,19,27,7,75
aff_44,pl_1162,CL,88,13,4,40
aff_30,pl_1585,CO,39,2,8,50
aff_12,pl_1588,CO,153,19,2,60
aff_44,pl_1056,MX,144,23,6,30
aff_33,pl_1580,CO,98,30,8,40
aff_46,pl_1598,CL,19,1,5,40
aff_37,pl_1212,BR,46,27,2,60
aff_26,pl_1093,CO,60,29,3,100
aff_6,pl_1330,MX,68,2,1,75
aff_19,pl_1163,CL,145,8,6,30
aff_40,pl_1341,AR,196,16,2,40
aff_7,pl_1282,BR,18,30,7,40
aff_41,pl_1420,MX,16,15,9,40
aff_16,pl_1240,CL,91,4,9,100
aff_19,pl_1479,MX,49,17,9,40
aff_8,pl_1370,AR,41,13,3,40
aff_37,pl_1292,BR,170,9,9,30
aff_3,pl_1048,CO,171,0,0,60
aff_49,pl_1019,MX,49,28,5,60
aff_36,pl_1090,CO,42,17,4,60
aff_15,pl_1557,BR,64,15,6,100
aff_18,pl_1541,AR,19,14,9,30
aff_13,pl_1499,BR,126,11,0,30
aff_40,pl_1425,MX,117,12,2,30
aff_12,pl_1361,CO,188,28,3,40
aff_47,pl_1223,AR,136,20,9,50
aff_21,pl_1463,AR,27,11,10,50
aff_9,pl_1059,CL,45,20,1,50
aff_10,pl_1487,BR,199,26,5,60
aff_39,pl_1062,MX,3,3,1,75
aff_2,pl_1103,BR,19,11,4,30
aff_49,pl_1087,CO,30,17,7,75
aff_50,pl_1251,CL,85,7,10,50
aff_45,pl_1119,CL,33,25,10,30
aff_12,pl_1453,CL,43,0,5,60
aff_16,pl_1148,CO,24,28,8,40
aff_39,pl_1179,CL,40,6,6,100
aff_15,pl_1335,AR,33,6,1,30
aff_22,pl_1063,CO,135,1,7,75
aff_26,pl_1544,BR,200,1,3,60
aff_46,pl_1096,AR,39,28,8,40
aff_37,pl_1599,BR,93,25,2,50
aff_38,pl_1554,AR,47,13,9,60
aff_32,pl_1081,CL,170,3,1,50
aff_27,pl_1522,MX,20,9,3,75
aff_41,pl_1414,CL,100,6,6,30
aff_15,pl_1285,CO,89,15,1,60
aff_27,pl_1224,AR,93,2,7,50
aff_31,pl_1123,CL,169,24,3,30
aff_30,pl_1217,BR,33,11,8,100
aff_22,pl_1019,CL,25,3,6,75
aff_50,pl_1456,MX,75,9,3,40
aff_27,pl_1478,MX,150,13,10,75
aff_50,pl_1200,CO,25,13,2,60
aff_17,pl_1219,MX,53,19,8,100
aff_28,pl_1299,CL,156,14,4,75
aff_41,pl_1329,CL,108,5,1,100
aff_19,pl_1033,MX,184,10,9,60
aff_29,pl_1315,AR,142,11,3,75
aff_35,pl_1093,BR,175,21,3,60
aff_2,pl_1425,AR,47,30,0,30
aff_34,pl_1284,CO,59,0,5,50
aff_40,pl_1022,CO,188,17,1,40
aff_45,pl_1412,BR,22,19,8,30
aff_37,pl_1395,CL,177,21,0,40
aff_42,pl_1206,CO,158,16,6,30
aff_50,pl_1148,BR,107,15,7,100
aff_46,pl_1475,BR,73,2,0,75
aff_17,pl_1326,CL,181,13,2,30
aff_5,pl_1285,AR,20,5,7,100
aff_39,pl_1387,MX,10,8,5,75
aff_49,pl_1228,MX,21,28,9,60
aff_23,pl_1196,BR,56,19,9,30
aff_17,pl_1518,CO,44,26,10,30
aff_14,pl_1498,MX,100,9,2,40
aff_38,pl_1174,BR,200,16,4,75
aff_34,pl_1305,MX,71,20,5,60
aff_11,pl_1046,AR,59,22,9,100
aff_8,pl_1448,CL,109,4,8,40
aff_25,pl_1382,CO,53,5,3,60
aff_27,pl_1214,CL,71,20,0,100
aff_39,pl_1336,CL,64,4,7,30
aff_29,pl_1045,CO,18,2,10,75
aff_46,pl_1361,BR,108,0,4,100
aff_10,pl_1549,AR,160,22,6,40
aff_5,pl_1383,MX,150,15,4,75
aff_47,pl_1388,MX,34,10,9,50
aff_46,pl_1243,MX,83,5,4,50
aff_11,pl_1579,BR,100,9,6,60
aff_31,pl_1455,AR,200,14,5,50
aff_12,pl_1319,BR,153,19,7,100
aff_35,pl_1102,MX,77,17,6,100
aff_47,pl_1344,MX,136,29,10,50
aff_9,pl_1051,CL,169,0,1,100
aff_11,pl_1306,CL,89,10,6,30
aff_7,pl_1045,CO,8,18,8,50
aff_50,pl_1454,MX,14,23,6,75
aff_8,pl_1047,BR,80,26,1,100
aff_22,pl_1556,BR,47,1,0,60
aff_9,pl_1105,CO,123,10,2,75
aff_20,pl_1000,AR,195,8,2,75
aff_48,pl_1446,MX,101,16,4,40
aff_8,pl_1557,CL,20,5,8,75
aff_31,pl_1018,MX,113,27,4,40
aff_37,pl_1380,BR,103,2,2,100
aff_25,pl_1441,CL,77,5,5,75
aff_8,pl_1357,CO,153,24,0,75
aff_16,pl_1287,BR,53,23,5,75
aff_35,pl_1563,BR,61,2,1,40
aff_33,pl_1004,AR,167,17,5,50
aff_35,pl_1534,BR,92,17,4,60
aff_39,pl_1375,CO,106,29,7,40
aff_9,pl_1266,AR,152,30,5,30
aff_41,pl_1115,MX,151,19,2,60
aff_20,pl_1544,BR,142,11,1,100
aff_28,pl_1168,BR,33,14,0,100
aff_11,pl_1361,AR,17,10,7,75
aff_21,pl_1459,CL,135,3,8,40
aff_27,pl_1046,CL,198,2,3,40
aff_22,pl_1180,CL,110,0,10,75
aff_24,pl_1436,BR,188,26,6,40
aff_9,pl_1124,CO,45,28,7,60
aff_17,pl_1315,MX,69,23,9,60
aff_24,pl_1088,CO,42,15,1,40
aff_40,pl_1331,MX,125,21,7,40
aff_43,pl_1185,BR,161,27,8,100
aff_4,pl_1132,CL,116,3,5,100
aff_36,pl_1529,CL,58,12,7,60
aff_7,pl_1186,MX,197,2,9,100
aff_44,pl_1575,AR,22,4,8,60
aff_13,pl_1535,MX,64,22,9,75
aff_4,pl_1012,MX,14,11,1,100
aff_43,pl_1409,CO,146,2,8,40
aff_15,pl_1565,MX,186,12,7,50
aff_3,pl_1448,BR,94,27,4,100
aff_22,pl_1299,CO,176,24,10,60
aff_14,pl_1389,BR,36,5,7,60
aff_5,pl_1419,MX,186,9,8,75
aff_4,pl_1248,CL,171,12,10,30
aff_49,pl_1328,CL,129,15,0,40
aff_2,pl_1058,AR,83,27,9,50
aff_48,pl_1175,CO,64,20,0,100
aff_40,pl_1267,MX,11,15,9,50
aff_10,pl_1362,AR,148,11,10,60
aff_5,pl_1556,BR,24,28,2,60
aff_32,pl_1069,CL,28,25,1,30
aff_43,pl_1372,BR,132,27,4,40
aff_44,pl_1293,MX,192,24,5,30
aff_22,pl_1013,CO,80,24,2,40
aff_7,pl_1091,BR,112,29,7,30
aff_1,pl_1072,CO,55,24,9,100
aff_17,pl_1495,AR,30,15,10,50
aff_1,pl_1287,AR,100,7,5,40
aff_40,pl_1013,AR,63,28,6,40
aff_46,pl_1347,CO,186,25,1,100
aff_1,pl_1136,CL,114,0,2,60
aff_24,pl_1440,CL,27,13,7,60
aff_16,pl_1487,MX,121,16,4,40
aff_49,pl_1426,MX,42,8,9,100
aff_8,pl_1567,AR,197,13,4,100
aff_14,pl_1436,CL,129,10,1,50
aff_22,pl_1143,AR,153,8,1,50
aff_49,pl_1345,MX,74,22,3,75
aff_24,pl_1402,MX,58,24,1,75
aff_5,pl_1183,AR,108,28,8,100
aff_15,pl_1161,BR,128,10,5,50
aff_36,pl_1444,CL,5,0,4,40
aff_6,pl_1355,AR,176,11,4,100
aff_49,pl_1451,CL,95,7,4,75
aff_50,pl_1575,AR,51,26,6,30
aff_42,pl_1252,CL,159,25,6,100
aff_50,pl_1143,MX,5,28,0,40
aff_35,pl_1190,CO,46,15,0,60
aff_44,pl_1305,BR,142,27,10,40
aff_10,pl_1111,MX,72,27,8,60
aff_3,pl_1478,CL,193,1,7,50
aff_9,pl_1511,BR,133,7,0,60
aff_10,pl_1405,BR,155,30,2,100
aff_27,pl_1008,AR,197,22,7,40
aff_36,pl_1328,MX,91,24,4,60
aff_24,pl_1100,AR,150,24,5,100
aff_40,pl_1292,BR,66,0,5,60
aff_46,pl_1104,CO,137,8,4,75
aff_49,pl_1179,CO,183,17,6,60
aff_45,pl_1327,CL,190,9,5,75
aff_38,pl_1424,BR,115,13,2,30
aff_48,pl_1063,CL,55,15,2,30
aff_48,pl_1298,AR,27,16,1,60
aff_36,pl_1036,BR,159,15,0,60
aff_4,pl_1516,CL,187,11,6,75
aff_11,pl_1520,MX,12,26,8,50
aff_32,pl_1203,CL,83,1,0,40
aff_39,pl_1492,CO,184,2,6,50
aff_4,pl_1024,AR,86,30,3,100
aff_21,pl_1325,CO,179,18,10,40
aff_33,pl_1468,CL,160,24,1,100
aff_39,pl_1108,CO,198,0,7,50
aff_30,pl_1286,BR,68,0,9,75
aff_26,pl_1148,MX,103,22,8,50
aff_20,pl_1581,AR,86,13,8,40
aff_21,pl_1084,MX,104,3,3,100
aff_39,pl_1393,AR,64,5,4,40
aff_20,pl_1169,BR,152,11,1,60
aff_44,pl_1402,CO,102,12,9,100
aff_18,pl_1439,CL,14,3,7,50
aff_3,pl_1054,AR,45,30,5,100
aff_8,pl_1088,MX,102,18,1,60
aff_33,pl_1313,CL,38,13,0,40
aff_34,pl_1498,MX,24,19,1,100
aff_30,pl_1452,CL,78,9,4,30
aff_25,pl_1363,BR,62,5,2,40
aff_24,pl_1132,AR,59,3,2,50
aff_4,pl_1508,BR,130,7,2,60
aff_50,pl_1291,AR,122,18,10,100
aff_9,pl_1359,MX,33,12,9,100
aff_23,pl_1130,CO,64,3,3,50
aff_15,pl_1361,CO,134,5,6,40
aff_47,pl_1070,BR,29,6,8,40
aff_40,pl_1340,MX,185,14,1,60
aff_31,pl_1343,AR,66,8,7,100
aff_10,pl_1503,CL,183,16,1,100
aff_9,pl_1035,BR,58,9,5,40
aff_19,pl_1453,MX,147,1,9,75
aff_40,pl_1357,CO,174,25,8,60
aff_29,pl_1020,AR,21,20,5,50
aff_3,pl_1120,BR,104,28,7,100
aff_37,pl_1561,AR,49,7,5,30
aff_13,pl_1498,BR,169,8,10,75
aff_38,pl_1578,MX,135,28,10,60
aff_40,pl_1413,CO,100,12,2,50
aff_47,pl_1361,CO,191,28,5,100
aff_23,pl_1538,AR,195,17,9,50
aff_23,pl_1089,CO,193,7,8,60
aff_38,pl_1350,CO,40,16,8,75
aff_45,pl_1444,MX,85,25,7,40
aff_32,pl_1403,CL,91,29,3,100
aff_36,pl_1331,AR,63,0,9,60
aff_8,pl_1178,BR,171,23,6,60
aff_17,pl_1072,AR,45,20,5,40
aff_21,pl_1355,BR,33,29,1,40
aff_2,pl_1326,AR,76,2,4,30
aff_14,pl_1204,CL,99,4,8,40
aff_26,pl_1088,CO,166,21,7,30
aff_23,pl_1582,CO,72,12,2,50
aff_8,pl_1397,MX,110,3,4,60
aff_12,pl_1225,MX,99,14,3,30
aff_13,pl_1574,CL,62,19,3,30
aff_47,pl_1267,BR,26,4,10,30
aff_29,pl_1037,CO,116,27,9,50
aff_18,pl_1193,CO,119,9,6,75
aff_2,pl_1363,AR,10,29,3,75
aff_15,pl_1545,BR,33,17,10,60
aff_22,pl_1105,AR,78,15,4,75
aff_8,pl_1374,CO,133,23,10,60
aff_48,pl_1538,CO,31,26,5,75
aff_13,pl_1213,CO,148,30,6,100
aff_30,pl_1048,CL,68,3,4,100
aff_6,pl_1454,MX,97,21,2,30
aff_48,pl_1364,CL,186,25,3,75
aff_14,pl_1494,AR,169,27,1,30
aff_43,pl_1579,CO,55,27,10,75
aff_6,pl_1503,MX,138,15,7,60
aff_24,pl_1442,BR,125,6,9,60
aff_7,pl_1337,AR,199,26,1,60
aff_48,pl_1329,BR,73,5,4,40
aff_8,pl_1581,CO,137,29,10,30
aff_9,pl_1392,BR,101,28,2,50
aff_19,pl_1580,AR,182,28,4,30
aff_3,pl_1304,AR,145,13,4,75
aff_15,pl_1556,CO,50,3,8,60
aff_5,pl_1177,CO,190,1,9,100
aff_42,pl_1246,MX,123,19,2,75
aff_33,pl_1355,AR,82,25,6,50
aff_31,pl_1000,CL,174,11,9,30
aff_28,pl_1331,CO,137,17,2,40
aff_6,pl_1388,MX,116,24,4,75
aff_13,pl_1075,MX,15,16,7,60
aff_40,pl_1487,CL,83,22,1,50
aff_42,pl_1372,AR,129,18,3,75
aff_33,pl_1038,CO,8,13,1,100
aff_8,pl_1585,CL,175,7,10,30
aff_13,pl_1067,MX,130,21,9,50
aff_42,pl_1092,BR,126,10,4,50
aff_34,pl_1278,AR,100,28,2,30
aff_27,pl_1442,CL,36,27,3,40
aff_13,pl_1063,CO,138,27,4,30
aff_34,pl_1367,BR,48,1,4,40
aff_14,pl_1271,BR,56,9,4,75
aff_16,pl_1037,MX,72,1,2,30
aff_30,pl_1027,CO,117,18,9,60
aff_21,pl_1458,CL,120,12,9,100
aff_48,pl_1171,AR,54,26,5,30
aff_20,pl_1357,CL,54,15,9,50
aff_4,pl_1385,BR,1,4,4,60
aff_21,pl_1289,BR,8,27,3,30
aff_39,pl_1253,BR,153,15,1,30
aff_16,pl_1130,CO,138,21,3,60
aff_1,pl_1152,AR,44,21,4,100
aff_21,pl_1300,MX,181,28,8,60
aff_19,pl_1506,AR,193,6,5,75
aff_38,pl_1321,CO,192,19,4,100
aff_43,pl_1248,MX,193,16,10,100
aff_49,pl_1084,BR,182,18,1,30
aff_6,pl_1286,MX,44,3,5,60
aff_21,pl_1461,BR,165,16,3,100
aff_13,pl_1377,MX,40,12,0,100
aff_41,pl_1452,BR,172,4,0,50
aff_1,pl_1433,CO,138,4,3,40
aff_26,pl_1057,AR,83,25,2,75
aff_35,pl_1428,BR,22,7,3,40
aff_1,pl_1448,BR,88,14,5,60
aff_42,pl_1031,BR,120,27,8,30
aff_16,pl_1373,CO,155,17,6,30
aff_23,pl_1337,BR,96,15,10,40
aff_7,pl_1467,BR,26,8,6,75
aff_47,pl_1225,MX,127,24,9,75
aff_3,pl_1300,BR,191,2,2,30
aff_12,pl_1406,CO,190,1,2,60
aff_45,pl_1509,AR,132,28,8,60
aff_1,pl_1151,MX,90,14,9,30
aff_9,pl_1221,BR,12,27,2,40
aff_37,pl_1470,AR,95,18,0,100
aff_45,pl_1376,BR,161,13,3,75
aff_49,pl_1456,CO,80,2,6,60
aff_41,pl_1509,MX,101,17,8,40
aff_10,pl_1422,CL,187,27,6,30
aff_48,pl_1160,BR,6,25,7,30
aff_45,pl_1089,CL,192,23,6,60
aff_14,pl_1066,AR,106,27,3,75
aff_23,pl_1117,MX,13,19,1,50
aff_11,pl_1215,BR,72,21,8,50
aff_9,pl_1498,AR,126,15,8,50
aff_36,pl_1229,BR,163,23,4,100
aff_38,pl_1061,CL,146,4,3,75
aff_24,pl_1086,AR,154,27,10,75
aff_6,pl_1549,CL,55,24,8,40
aff_35,pl_1348,MX,14,8,6,30
aff_23,pl_1055,CL,40,6,10,100
aff_49,pl_1560,AR,93,3,9,60
aff_34,pl_1061,MX,177,23,7,50
aff_11,pl_1480,CO,37,16,6,40
aff_48,pl_1491,MX,60,7,4,100
aff_5,pl_1019,AR,42,10,8,50
aff_7,pl_1003,CL,58,4,10,60
aff_45,pl_1179,CL,131,4,7,50
aff_27,pl_1210,CO,95,30,10,40
aff_28,pl_1079,BR,147,15,5,60
aff_37,pl_1192,CL,12,21,0,40
aff_46,pl_1429,MX,174,14,9,60
aff_42,pl_1244,CL,111,13,6,100
aff_5,pl_1050,BR,173,6,0,100
aff_50,pl_1405,CL,135,3,9,30
aff_41,pl_1569,AR,64,30,10,100
aff_15,pl_1396,CO,35,28,5,75
aff_38,pl_1345,CL,141,7,4,40
aff_10,pl_1367,MX,61,20,7,40
aff_22,pl_1254,BR,58,25,5,40
aff_27,pl_1243,CL,167,26,6,75
aff_12,pl_1551,AR,57,14,2,100
aff_33,pl_1301,CL,129,26,10,40
aff_47,pl_1370,CO,14,15,0,60
aff_23,pl_1079,CL,40,6,0,100
aff_32,pl_1496,MX,193,2,8,40
aff_5,pl_1299,AR,165,30,10,40
aff_11,pl_1064,CL,60,0,8,40
aff_26,pl_1034,AR,171,10,3,50
aff_41,pl_1494,CO,5,18,2,50
aff_14,pl_1447,BR,87,2,0,30
aff_5,pl_1209,CL,25,7,8,30
aff_23,pl_1338,BR,156,11,10,40
aff_46,pl_1269,MX,56,13,0,100
aff_20,pl_1415,CO,65,15,6,100
aff_34,pl_1165,AR,180,1,1,50
aff_40,pl_1281,CL,93,16,6,100
aff_2,pl_1399,CL,175,5,10,30
aff_12,pl_1431,AR,51,19,9,40
aff_43,pl_1149,MX,111,22,5,100
aff_49,pl_1333,BR,196,2,8,30
aff_38,pl_1541,CL,149,11,4,75
aff_48,pl_1487,AR,128,7,8,60
aff_42,pl_1397,AR,91,24,10,50
aff_11,pl_1252,CO,77,2,1,60
aff_7,pl_1122,CL,38,7,1,60
aff_33,pl_1315,CL,34,17,3,75
aff_12,pl_1180,BR,158,29,3,75
aff_20,pl_1160,CO,125,15,5,50
aff_41,pl_1071,BR,179,1,3,40
aff_31,pl_1507,CO,186,8,7,60
aff_23,pl_1175,BR,183,12,10,60
aff_27,pl_1239,CO,32,28,6,60
aff_24,pl_1523,MX,81,19,0,100
aff_24,pl_1314,AR,24,3,10,100
aff_38,pl_1289,CL,196,14,7,50
aff_39,pl_1227,CL,102,26,8,50
aff_17,pl_1117,BR,66,1,7,50
aff_30,pl_1257,MX,60,1,9,60
aff_4,pl_1088,AR,188,16,8,40
aff_49,pl_1472,BR,7,7,1,40
aff_38,pl_1477,MX,5,20,8,60
aff_8,pl_1246,MX,92,9,5,40
aff_18,pl_1138,CL,148,8,5,40
aff_42,pl_1494,BR,184,12,5,50
aff_37,pl_1479,BR,163,22,4,100
aff_24,pl_1361,CO,34,13,0,30
aff_2,pl_1527,CL,175,7,7,50
aff_39,pl_1320,MX,176,21,7,75
aff_46,pl_1506,AR,81,29,4,30
aff_24,pl_1233,CL,74,1,1,75
aff_13,pl_1516,CL,61,6,9,60
aff_44,pl_1452,AR,58,29,8,100
aff_17,pl_1209,BR,134,4,2,30
aff_13,pl_1584,AR,104,25,10,100
aff_41,pl_1354,AR,84,0,0,100
aff_32,pl_1560,MX,60,6,9,60
aff_1,pl_1176,CO,6,21,6,75
aff_45,pl_1175,CL,93,21,5,100
aff_35,pl_1181,CO,51,9,0,60
aff_43,pl_1500,CL,142,12,8,50
aff_17,pl_1488,BR,101,24,9,60
aff_45,pl_1476,CL,47,9,2,75
aff_17,pl_1448,CL,16,9,10,100
aff_4,pl_1509,BR,43,22,9,50
aff_20,pl_1324,CL,96,17,9,30
aff_17,pl_1381,CL,12,19,4,40
aff_16,pl_1560,AR,140,20,1,50
aff_40,pl_1187,BR,131,9,1,75
aff_4,pl_1534,AR,181,3,5,50
aff_36,pl_1596,MX,99,4,4,100
aff_10,pl_1441,AR,40,0,2,50
aff_7,pl_1520,MX,67,29,3,100
aff_5,pl_1146,AR,98,13,0,40
aff_17,pl_1284,CL,131,18,4,40
aff_20,pl_1100,CO,169,1,8,50
aff_34,pl_1170,BR,36,24,9,75
aff_8,pl_1128,BR,136,6,0,75
aff_7,pl_1401,AR,46,9,4,50
aff_28,pl_1509,AR,101,25,10,75
aff_9,pl_1470,MX,41,14,10,40
aff_25,pl_1572,CL,154,8,2,30
aff_35,pl_1311,MX,37,2,9,60
aff_4,pl_1348,CO,145,18,8,75
aff_15,pl_1073,AR,80,9,1,30
aff_44,pl_1296,MX,171,28,5,100
aff_42,pl_1518,AR,34,26,7,50
aff_38,pl_1345,BR,181,10,0,30
aff_30,pl_1033,AR,134,8,5,50
aff_17,pl_1259,CL,72,23,7,100
aff_9,pl_1068,MX,178,25,4,40
aff_27,pl_1520,BR,2,19,8,75
aff_3,pl_1050,CO,49,14,0,30
aff_24,pl_1045,MX,109,28,2,60
aff_28,pl_1213,MX,124,23,9,60
aff_18,pl_1206,CO,187,12,4,100
aff_22,pl_1428,BR,11,29,3,75
aff_20,pl_1043,MX,198,24,1,75
aff_28,pl_1584,CL,81,10,3,30
aff_6,pl_1355,BR,45,17,8,40
aff_39,pl_1557,MX,95,3,10,60
aff_9,pl_1119,CL,198,15,7,75
aff_32,pl_1421,CO,16,17,0,60
aff_40,pl_1438,AR,16,11,2,30
aff_14,pl_1124,CL,159,30,2,60
aff_44,pl_1490,CO,159,22,1,100
aff_48,pl_1456,CO,107,17,1,60
aff_24,pl_1199,CL,76,4,10,40
aff_4,pl_1450,MX,49,1,8,40
aff_4,pl_1454,CO,192,23,2,50
aff_38,pl_1029,BR,113,29,8,75
aff_17,pl_1309,CL,126,1,7,40
aff_31,pl_1108,CO,89,14,4,75
aff_39,pl_1576,CO,49,28,8,50
aff_5,pl_1099,MX,142,19,1,75
aff_17,pl_1216,AR,137,21,0,40
aff_5,pl_1372,MX,25,27,1,40
aff_2,pl_1566,CL,73,7,2,75
aff_12,pl_1048,CL,93,27,0,75
aff_13,pl_1002,CO,145,26,5,30
aff_14,pl_1055,MX,22,4,5,40
aff_50,pl_1170,BR,124,21,4,60
aff_46,pl_1141,CO,97,27,7,50
aff_1,pl_1440,CL,44,25,10,50
aff_1,pl_1486,MX,95,28,5,50
aff_41,pl_1407,BR,126,0,6,40
aff_3,pl_1547,AR,62,19,8,60
aff_44,pl_1541,CL,84,8,8,100
aff_37,pl_1537,CL,62,15,10,40
aff_35,pl_1520,CL,18,0,6,50
aff_21,pl_1559,CO,103,11,9,60
aff_50,pl_1309,CO,94,8,8,30
aff_4,pl_1508,BR,101,25,3,30
aff_42,pl_1553,CO,67,12,1,60
aff_46,pl_1310,MX,97,3,8,60
aff_28,pl_1254,CO,99,18,8,75
aff_48,pl_1059,CL,38,27,9,50
aff_16,pl_1253,MX,10,30,8,60
aff_8,pl_1386,AR,43,3,7,100
aff_36,pl_1421,CL,24,23,7,75
aff_16,pl_1180,AR,81,5,6,30
aff_10,pl_1533,MX,126,7,10,75
aff_37,pl_1550,CL,182,12,1,60
aff_5,pl_1391,MX,128,19,1,100
aff_49,pl_1240,CL,174,25,6,60
aff_48,pl_1036,BR,101,20,3,30
aff_18,pl_1310,MX,107,19,0,40
aff_25,pl_1258,AR,62,12,1,40
aff_45,pl_1567,CL,6,21,6,30
aff_37,pl_1135,CL,132,29,3,30
aff_24,pl_1393,CL,189,27,3,30
aff_25,pl_1522,MX,189,26,9,50
aff_2,pl_1017,MX,111,13,7,50
aff_28,pl_1220,MX,164,14,5,50
aff_23,pl_1545,MX,114,2,2,60
aff_2,pl_1205,AR,51,10,2,100
aff_7,pl_1479,CO,16,14,10,30
aff_36,pl_1433,BR,72,20,10,100
aff_6,pl_1275,CL,73,6,3,60
aff_1,pl_1518,BR,188,11,9,50
aff_3,pl_1134,CL,20,5,1,50
aff_48,pl_1294,CL,148,19,0,100
aff_44,pl_1498,CL,42,12,0,30
aff_36,pl_1330,MX,75,21,8,40
aff_44,pl_1301,CO,98,21,4,60
aff_21,pl_1285,CL,108,14,9,40
aff_19,pl_1300,BR,114,9,1,75
aff_34,pl_1019,BR,157,11,8,30
aff_4,pl_1356,BR,57,28,2,50
aff_26,pl_1105,BR,45,7,7,100
aff_10,pl_1411,AR,18,28,4,50
aff_46,pl_1362,MX,75,8,10,60
aff_27,pl_1507,AR,167,14,8,30
aff_14,pl_1514,CL,106,6,2,75
aff_40,pl_1474,MX,56,1,0,60
aff_50,pl_1493,BR,63,29,0,100
aff_4,pl_1437,CL,77,0,7,75
aff_27,pl_1246,CL,199,26,0,40
aff_16,pl_1061,BR,14,1,4,40
aff_35,pl_1509,CO,52,0,10,75
aff_15,pl_1198,CL,108,18,3,40
aff_48,pl_1135,CL,50,11,5,50
aff_42,pl_1439,CL,192,2,1,30
aff_8,pl_1486,CL,175,29,0,100
aff_5,pl_1048,BR,10,20,5,75
aff_41,pl_1555,CO,123,1,6,75
aff_20,pl_1140,AR,58,13,7,30
aff_22,pl_1322,AR,136,20,5,100
aff_37,pl_1558,CO,101,29,3,30
aff_22,pl_1261,CO,154,7,10,50
aff_3,pl_1186,AR,1,9,2,40
aff_37,pl_1414,CL,114,1,7,50
aff_23,pl_1452,CO,114,27,10,30
aff_29,pl_1069,CO,38,21,2,30
aff_12,pl_1052,BR,80,9,1,30
aff_45,pl_1388,MX,128,7,9,30
aff_44,pl_1294,CL,104,27,10,50
aff_30,pl_1003,BR,148,0,4,75
aff_36,pl_1404,MX,34,20,6,30
aff_2,pl_1415,CO,141,25,9,75
aff_43,pl_1553,BR,119,2,6,30
aff_41,pl_1563,MX,192,25,3,30
aff_36,pl_1293,CL,69,23,2,30
aff_1,pl_1019,MX,145,20,7,60
aff_38,pl_1126,AR,154,4,1,100
aff_17,pl_1395,CO,23,22,2,30
aff_50,pl_1351,CO,181,28,6,50
aff_19,pl_1343,CO,90,30,8,50
aff_27,pl_1175,CL,157,2,7,60
aff_39,pl_1318,CO,142,30,0,40
aff_39,pl_1047,CO,49,16,0,60
aff_1,pl_1423,CO,161,3,4,75
aff_9,pl_1477,BR,153,22,10,75
aff_19,pl_1509,CL,151,16,0,75
aff_14,pl_1009,CO,134,7,8,100
aff_3,pl_1295,BR,193,20,3,60
aff_41,pl_1168,BR,59,27,1,30
aff_5,pl_1199,CL,32,4,3,100
aff_26,pl_1541,BR,95,30,2,30
aff_21,pl_1488,BR,168,16,9,40
aff_10,pl_1289,CL,166,7,2,75
aff_33,pl_1483,AR,103,25,10,100
aff_38,pl_1593,AR,155,15,6,100
aff_24,pl_1135,BR,173,27,2,60
aff_38,pl_1118,CO,94,2,8,60
aff_28,pl_1360,BR,161,20,5,60
aff_23,pl_1154,CL,100,24,5,75
aff_34,pl_1338,MX,79,18,6,75
aff_17,pl_1115,CL,4,4,3,100
aff_2,pl_1579,CO,46,30,9,75
aff_24,pl_1049,CL,114,15,3,40
aff_11,pl_1132,AR,195,28,6,30
aff_37,pl_1308,MX,150,29,7,75
aff_30,pl_1025,MX,177,19,9,60
aff_31,pl_1557,MX,144,12,1,100
aff_12,pl_1037,AR,156,4,10,100
aff_45,pl_1438,MX,98,16,0,40
aff_27,pl_1420,BR,41,9,3,60
aff_8,pl_1573,MX,109,7,0,40
aff_45,pl_1076,AR,61,7,0,75
aff_20,pl_1017,CL,28,20,6,100
aff_40,pl_1535,CO,88,2,4,50
aff_47,pl_1467,MX,5,1,9,40
aff_16,pl_1333,AR,179,6,6,75
aff_24,pl_1096,CO,17,22,2,40
aff_24,pl_1293,CL,77,1,0,100
aff_35,pl_1462,BR,2,9,5,50
aff_35,pl_1030,CL,127,9,5,50
aff_50,pl_1565,CL,124,1,2,75
aff_24,pl_1323,MX,19,29,10,60
aff_34,pl_1534,CL,24,20,3,60
aff_50,pl_1529,AR,136,18,7,40
aff_17,pl_1417,AR,120,26,1,50
aff_20,pl_1191,CL,34,11,5,40
aff_37,pl_1050,CO,61,24,8,75
aff_30,pl_1507,MX,48,25,7,100
aff_37,pl_1427,CO,46,11,9,60
aff_4,pl_1569,AR,97,10,2,40
aff_6,pl_1355,CO,56,21,4,40
aff_2,pl_1003,CO,118,10,0,100
aff_19,pl_1518,BR,47,12,2,60
aff_10,pl_1435,AR,116,0,2,40
aff_39,pl_1527,AR,29,8,1,100
aff_19,pl_1119,MX,109,26,9,50
aff_44,pl_1534,AR,49,22,4,40
aff_35,pl_1227,CO,4,28,6,40
aff_26,pl_1455,MX,44,15,10,50
aff_13,pl_1548,MX,76,7,10,30
aff_1,pl_1165,AR,91,30,9,60
aff_3,pl_1120,MX,45,8,2,75
aff_17,pl_1318,BR,77,19,7,75
aff_46,pl_1164,BR,190,8,10,30
aff_12,pl_1542,AR,20,20,2,40
aff_4,pl_1127,BR,137,29,8,30
aff_34,pl_1241,MX,104,26,5,30
aff_3,pl_1486,BR,76,7,2,100
aff_33,pl_1592,BR,156,16,9,75
aff_3,pl_1137,CO,168,5,1,75
aff_19,pl_1402,CL,127,14,6,30
aff_40,pl_1117,BR,136,27,10,60
aff_15,pl_1507,BR,172,21,3,30
aff_11,pl_1165,AR,82,24,6,40
aff_38,pl_1398,AR,183,19,7,60
aff_44,pl_1362,BR,23,18,1,40
aff_11,pl_1150,BR,66,6,4,50
aff_4,pl_1445,BR,101,17,3,40
aff_40,pl_1157,CL,71,7,4,75
aff_5,pl_1260,CO,104,18,0,40
aff_49,pl_1466,MX,40,25,3,100
aff_3,pl_1320,AR,26,13,10,30
aff_46,pl_1151,BR,17,21,1,30
aff_20,pl_1395,BR,180,16,3,40
aff_44,pl_1046,CO,181,10,6,40
aff_45,pl_1537,BR,180,10,8,30
aff_25,pl_1144,MX,124,5,2,100
aff_23,pl_1225,CL,40,6,6,40
aff_26,pl_1064,AR,115,6,2,75
aff_17,pl_1344,MX,13,2,7,30
aff_28,pl_1124,CO,12,9,8,30
aff_47,pl_1413,MX,114,20,8,60
aff_47,pl_1134,CL,176,8,0,50
aff_15,pl_1433,MX,28,12,10,60
aff_3,pl_1131,AR,21,17,6,50
aff_6,pl_1481,CO,136,27,10,75
aff_28,pl_1310,CO,1,19,2,30
aff_35,pl_1360,AR,56,5,10,30
aff_12,pl_1478,CO,138,4,6,75
aff_3,pl_1195,MX,67,13,6,50
aff_33,pl_1311,CL,157,25,9,60
aff_18,pl_1153,CO,160,1,3,40
aff_18,pl_1368,MX,94,20,10,30
aff_39,pl_1550,CO,162,1,2,60
aff_19,pl_1316,AR,155,6,2,50
aff_38,pl_1407,AR,37,10,8,50
aff_1,pl_1072,BR,113,26,5,60
aff_50,pl_1026,AR,132,18,6,60
aff_31,pl_1212,CO,152,23,0,100
aff_11,pl_1247,CO,84,25,8,30
aff_39,pl_1106,CL,138,20,3,60
aff_48,pl_1387,AR,150,22,6,75
aff_14,pl_1402,BR,121,27,3,75
aff_1,pl_1208,MX,44,5,10,50
aff_39,pl_1463,MX,4,21,4,100
aff_8,pl_1579,AR,19,10,6,75
aff_36,pl_1573,AR,187,20,4,40
aff_25,pl_1104,CO,130,14,10,30
aff_18,pl_1150,AR,141,24,1,30
aff_49,pl_1359,CO,189,28,0,60
aff_11,pl_1327,AR,32,6,10,40
aff_34,pl_1270,CO,30,21,1,60
aff_29,pl_1440,BR,150,4,1,100
aff_10,pl_1494,CL,80,22,4,30
aff_19,pl_1416,CO,70,17,4,75
aff_36,pl_1542,CL,14,16,7,40
aff_50,pl_1042,CO,106,7,3,50
aff_43,pl_1307,CL,56,14,9,60
aff_7,pl_1022,BR,168,9,7,100
aff_34,pl_1214,MX,145,21,9,100
aff_33,pl_1147,CL,105,24,2,75
aff_18,pl_1252,CL,40,16,10,100
aff_8,pl_1308,AR,173,29,2,100
aff_2,pl_1212,AR,152,23,3,60
aff_8,pl_1428,CO,178,23,2,60
aff_34,pl_1364,AR,134,1,5,100
aff_48,pl_1549,CL,194,28,9,40
aff_10,pl_1120,MX,13,9,3,75
aff_28,pl_1493,AR,150,28,10,75
aff_38,pl_1270,AR,195,18,8,30
aff_41,pl_1180,BR,38,26,6,40
aff_32,pl_1213,CO,180,15,6,50
aff_8,pl_1005,AR,118,6,7,40
aff_25,pl_1092,AR,130,22,7,75
aff_8,pl_1071,MX,156,26,0,75
aff_21,pl_1433,AR,65,8,9,75
aff_23,pl_1139,CO,187,15,1,75
aff_42,pl_1498,AR,131,26,0,50
aff_22,pl_1415,MX,20,25,4,75
aff_6,pl_1096,MX,36,0,2,100
aff_20,pl_1287,AR,135,30,7,40
aff_10,pl_1524,MX,136,30,5,40
aff_3,pl_1007,CL,129,0,5,60
aff_3,pl_1261,CL,73,16,8,100
aff_34,pl_1208,MX,88,5,10,60
aff_24,pl_1528,BR,123,1,6,100
aff_9,pl_1294,BR,22,30,1,75
aff_28,pl_1309,MX,179,26,8,40
aff_43,pl_1577,CO,36,12,5,30
aff_18,pl_1494,CL,149,2,10,30
aff_48,pl_1113,CL,45,28,1,40
aff_50,pl_1258,CL,86,29,8,75
aff_34,pl_1035,BR,195,27,6,60
aff_10,pl_1040,CO,10,30,7,40
aff_14,pl_1278,AR,35,9,0,30
aff_47,pl_1103,AR,169,5,9,100
aff_38,pl_1481,BR,107,27,0,60
aff_19,pl_1441,CO,46,26,9,40
aff_28,pl_1016,MX,107,29,2,75
aff_1,pl_1388,BR,78,10,7,100
aff_31,pl_1048,MX,144,29,0,60
aff_10,pl_1082,AR,7,4,8,100
aff_11,pl_1143,AR,26,10,5,75
aff_27,pl_1053,CO,123,18,3,40
aff_32,pl_1559,MX,54,1,8,50
aff_27,pl_1549,BR,130,26,1,75
aff_13,pl_1246,BR,144,28,4,30
aff_16,pl_1533,CO,138,11,8,100
aff_18,pl_1189,CL,6,21,10,75
aff_4,pl_1533,CL,44,19,5,60
aff_25,pl_1254,MX,58,0,1,30
aff_29,pl_1208,AR,174,26,5,60
aff_28,pl_1141,CL,40,16,7,50
aff_20,pl_1201,BR,93,4,2,50
aff_31,pl_1007,MX,33,0,2,60
aff_13,pl_1386,BR,144,17,3,50
aff_11,pl_1090,CL,8,30,1,100
aff_24,pl_1488,CL,151,9,2,75
aff_45,pl_1055,CO,65,25,2,60
aff_26,pl_1078,AR,64,21,2,50
aff_31,pl_1576,CO,138,24,0,60
aff_50,pl_1186,CO,141,13,6,100
aff_37,pl_1439,MX,61,14,2,40
aff_50,pl_1267,CL,178,16,9,30
aff_41,pl_1555,MX,127,2,10,100
aff_34,pl_1410,CO,164,8,0,50
aff_6,pl_1426,CO,14,26,6,30
aff_45,pl_1495,AR,157,13,0,40
aff_4,pl_1269,CO,78,16,3,60
aff_41,pl_1268,MX,189,28,1,60
aff_30,pl_1107,MX,194,22,10,50
aff_2,pl_1281,MX,24,21,8,75
aff_44,pl_1186,BR,191,10,5,50
aff_44,pl_1240,AR,93,14,2,40
aff_36,pl_1426,MX,194,2,1,50
aff_10,pl_1171,BR,15,2,0,100
aff_48,pl_1189,CO,123,20,3,100
aff_26,pl_1113,BR,137,2,5,60
aff_3,pl_1500,AR,145,17,5,40
aff_30,pl_1116,MX,135,1,8,30
aff_21,pl_1544,BR,98,12,6,60
aff_30,pl_1369,AR,98,23,9,50
aff_17,pl_1167,BR,26,29,10,50
aff_30,pl_1450,BR,191,23,4,60
aff_42,pl_1512,CO,151,3,1,100
aff_21,pl_1259,MX,52,17,0,100
aff_36,pl_1172,AR,107,17,3,50
aff_33,pl_1199,CO,134,17,3,75
aff_14,pl_1438,AR,194,9,9,40
aff_17,pl_1062,BR,136,21,5,60
aff_29,pl_1289,AR,140,26,0,50
aff_44,pl_1164,AR,130,2,10,40
aff_43,pl_1029,AR,192,3,0,100
aff_19,pl_1247,CO,17,29,10,40
aff_4,pl_1218,CL,142,15,1,60
aff_47,pl_1118,CL,145,2,0,40
aff_9,pl_1167,CO,136,15,2,75
aff_13,pl_1030,MX,129,8,1,75
aff_30,pl_1446,CO,36,17,4,100
aff_11,pl_1076,AR,177,8,6,75
aff_15,pl_1351,MX,122,3,2,50
aff_31,pl_1349,MX,80,9,10,40
aff_43,pl_1570,AR,38,30,9,60
aff_12,pl_1000,MX,69,1,1,30
aff_25,pl_1008,MX,150,0,5,100
aff_37,pl_1139,AR,185,28,8,60
aff_3,pl_1054,AR,114,28,2,40
aff_49,pl_1185,AR,90,14,10,75
aff_6,pl_1158,CL,88,10,5,50
aff_28,pl_1165,MX,156,11,6,60
aff_28,pl_1054,AR,192,21,2,100
aff_49,pl_1179,AR,196,9,5,60
aff_17,pl_1477,CL,14,4,6,75
aff_22,pl_1572,AR,27,8,1,75
aff_10,pl_1062,MX,124,3,5,50
aff_30,pl_1040,AR,193,1,4,100
aff_14,pl_1157,CO,182,20,2,50
aff_25,pl_1217,AR,31,2,5,100
aff_15,pl_1156,AR,31,22,4,40
aff_28,pl_1001,MX,123,29,6,75
aff_17,pl_1049,AR,168,25,7,75
aff_35,pl_1361,BR,34,13,6,30
aff_43,pl_1323,CO,63,7,5,50
aff_33,pl_1084,CO,96,3,6,100
aff_15,pl_1508,CL,180,28,0,50
aff_1,pl_1159,BR,193,6,0,75
aff_36,pl_1261,BR,51,16,5,75
aff_43,pl_1058,BR,59,2,6,100
aff_3,pl_1348,MX,182,30,4,30
aff_20,pl_1520,CL,180,23,1,50
aff_26,pl_1159,BR,45,22,9,60
aff_9,pl_1558,AR,2,13,10,30
aff_17,pl_1231,CO,122,20,7,60
aff_50,pl_1338,MX,69,10,4,50
aff_17,pl_1248,AR,156,30,2,60
aff_28,pl_1109,AR,55,20,2,40
aff_30,pl_1070,CO,124,11,3,100
aff_7,pl_1114,AR,112,20,4,40
aff_45,pl_1108,BR,108,22,2,30
aff_16,pl_1576,CO,35,4,10,100
aff_35,pl_1124,BR,112,26,7,60
aff_45,pl_1139,CL,88,3,2,30
aff_34,pl_1435,CL,2,3,4,30
aff_13,pl_1181,BR,123,22,1,30
aff_47,pl_1115,CO,75,14,0,60
aff_37,pl_1589,CL,166,0,0,75
aff_31,pl_1338,CL,83,6,7,50
aff_16,pl_1023,MX,36,25,3,100
aff_43,pl_1399,CO,157,17,2,50
aff_17,pl_1539,BR,162,20,3,60
aff_42,pl_1065,MX,18,5,9,60
aff_23,pl_1451,CL,157,4,3,50
aff_32,pl_1319,CL,106,24,9,75
aff_48,pl_1593,CL,11,15,10,30
aff_48,pl_1190,AR,165,3,8,40
aff_15,pl_1156,CL,137,23,7,30
aff_47,pl_1106,MX,180,1,5,100
aff_33,pl_1090,AR,93,22,1,40
aff_47,pl_1239,CL,134,28,0,60
aff_36,pl_1391,CL,8,4,1,60
aff_37,pl_1211,CL,4,22,9,40
aff_19,pl_1144,CL,117,15,2,75
aff_42,pl_1254,CL,83,24,7,40
aff_33,pl_1278,CO,42,13,2,100
