transaction_id,player_id,type,amount,timestamp
tx_3000,pl_1540,bet,122.31,2025-12-19 21:46:20
tx_3001,pl_1306,bet,1161.21,2026-01-20 21:46:20
tx_3002,pl_1060,withdraw,753.79,2025-04-14 21:46:20
tx_3003,pl_1452,deposit,517.72,2025-10-14 21:46:20
tx_3004,pl_1460,bet,1862.96,2025-09-11 21:46:20
tx_3005,pl_1157,withdraw,541.89,2025-05-12 21:46:20
tx_3006,pl_1094,deposit,1805.71,2025-11-30 21:46:20
tx_3007,pl_1309,deposit,2618.92,2025-06-13 21:46:20
tx_3008,pl_1412,withdraw,290.11,2025-06-24 21:46:20
tx_3009,pl_1131,bet,1384.54,2025-03-26 21:46:20
tx_3010,pl_1344,withdraw,1818.06,2026-01-15 21:46:20
tx_3011,pl_1244,withdraw,2458.68,2025-08-04 21:46:20
tx_3012,pl_1512,withdraw,787.25,2025-09-07 21:46:20
tx_3013,pl_1388,withdraw,1500.16,2025-03-19 21:46:20
tx_3014,pl_1578,withdraw,1582.33,2025-04-14 21:46:20
tx_3015,pl_1191,deposit,1146.05,2025-12-03 21:46:20
tx_3016,pl_1114,withdraw,1550.38,2025-12-06 21:46:20
tx_3017,pl_1361,bet,2357.98,2025-09-14 21:46:20
tx_3018,pl_1598,bet,1553.43,2026-02-01 21:46:20
tx_3019,pl_1499,bet,2193.39,2025-06-04 21:46:20
tx_3020,pl_1420,withdraw,1537.23,2025-05-02 21:46:20
tx_3021,pl_1094,withdraw,2739.23,2025-10-22 21:46:20
tx_3022,pl_1533,bet,454.28,2025-08-05 21:46:20
tx_3023,pl_1514,deposit,2425.7,2025-09-04 21:46:20
tx_3024,pl_1264,withdraw,695.35,2025-05-24 21:46:20
tx_3025,pl_1071,withdraw,2504.49,2025-11-30 21:46:20
tx_3026,pl_1365,bet,2978.86,2025-05-28 21:46:20
tx_3027,pl_1420,bet,925.25,2025-10-10 21:46:20
tx_3028,pl_1384,bet,447.81,2025-11-10 21:46:20
tx_3029,pl_1161,bet,1795.88,2026-01-29 21:46:20
tx_3030,pl_1191,withdraw,2294.25,2026-02-27 21:46:20
tx_3031,pl_1016,deposit,1835.3,2025-12-26 21:46:20
tx_3032,pl_1087,withdraw,2785.42,2025-06-25 21:46:20
tx_3033,pl_1258,withdraw,2157.5,2025-04-16 21:46:20
tx_3034,pl_1283,bet,1203.47,2025-07-27 21:46:20
tx_3035,pl_1170,bet,321.55,2025-05-21 21:46:20
tx_3036,pl_1113,withdraw,515.93,2025-12-24 21:46:20
tx_3037,pl_1204,withdraw,2477.84,2025-12-21 21:46:20
tx_3038,pl_1106,deposit,1062.31,2026-03-03 21:46:20
tx_3039,pl_1566,withdraw,2935.3,2026-02-23 21:46:20
tx_3040,pl_1345,bet,1848.6,2025-09-05 21:46:20
tx_3041,pl_1131,bet,2682.45,2025-10-27 21:46:20
tx_3042,pl_1473,bet,1351.38,2025-05-28 21:46:20
tx_3043,pl_1307,bet,332.07,2025-08-29 21:46:20
tx_3044,pl_1382,withdraw,1432.84,2026-03-06 21:46:20
tx_3045,pl_1190,withdraw,1385.77,2026-01-04 21:46:20
tx_3046,pl_1246,withdraw,2700.51,2026-02-06 21:46:20
tx_3047,pl_1319,deposit,2626.27,2025-06-30 21:46:20
tx_3048,pl_1542,withdraw,629.24,2026-02-23 21:46:20
tx_3049,pl_1192,deposit,492.66,2025-06-23 21:46:20
tx_3050,pl_1264,withdraw,106.4,2026-02-23 21:46:20
tx_3051,pl_1209,deposit,421.98,2025-05-28 21:46:20
tx_3052,pl_1194,bet,1911.44,2025-12-20 21:46:20
tx_3053,pl_1506,withdraw,686.4,2025-08-28 21:46:20
tx_3054,pl_1218,deposit,1347.1,2026-02-15 21:46:20
tx_3055,pl_1340,withdraw,1447.37,2025-06-27 21:46:20
tx_3056,pl_1052,bet,2102.16,2025-03-30 21:46:20
tx_3057,pl_1568,deposit,994.13,2026-01-24 21:46:20
tx_3058,pl_1246,withdraw,547.54,2025-08-02 21:46:20
tx_3059,pl_1288,withdraw,1322.62,2026-01-02 21:46:20
tx_3060,pl_1182,deposit,1659.75,2025-05-14 21:46:20
tx_3061,pl_1128,deposit,2928.47,2025-06-30 21:46:20
tx_3062,pl_1149,deposit,2960.54,2025-03-30 21:46:20
tx_3063,pl_1098,bet,421.65,2025-12-29 21:46:20
tx_3064,pl_1185,withdraw,583.33,2025-05-19 21:46:20
tx_3065,pl_1590,deposit,2017.66,2025-03-14 21:46:20
tx_3066,pl_1090,withdraw,1950.33,2026-01-01 21:46:20
tx_3067,pl_1511,bet,464.69,2025-10-01 21:46:20
tx_3068,pl_1016,bet,370.85,2025-03-13 21:46:20
tx_3069,pl_1346,bet,516.38,2025-11-29 21:46:20
tx_3070,pl_1308,deposit,2504.95,2025-11-23 21:46:20
tx_3071,pl_1007,withdraw,599.13,2025-12-29 21:46:20
tx_3072,pl_1413,bet,1878.9,2025-04-14 21:46:20
tx_3073,pl_1541,deposit,74.15,2026-02-23 21:46:20
tx_3074,pl_1360,withdraw,2618.61,2025-11-02 21:46:20
tx_3075,pl_1363,bet,2488.16,2025-04-21 21:46:20
tx_3076,pl_1398,bet,2518.45,2025-10-16 21:46:20
tx_3077,pl_1508,withdraw,2723.8,2025-12-11 21:46:20
tx_3078,pl_1488,bet,2026.38,2025-03-14 21:46:20
tx_3079,pl_1008,deposit,1809.11,2025-05-04 21:46:20
tx_3080,pl_1258,bet,1748.1,2025-08-09 21:46:20
tx_3081,pl_1222,bet,1056.7,2026-01-07 21:46:20
tx_3082,pl_1339,bet,2452.15,2025-11-02 21:46:20
tx_3083,pl_1181,bet,58.36,2025-06-14 21:46:20
tx_3084,pl_1108,withdraw,40.35,2025-04-07 21:46:20
tx_3085,pl_1552,withdraw,711.26,2025-09-04 21:46:20
tx_3086,pl_1252,bet,1265.52,2025-04-18 21:46:20
tx_3087,pl_1083,deposit,2066.65,2025-09-11 21:46:20
tx_3088,pl_1409,deposit,665.56,2026-02-25 21:46:20
tx_3089,pl_1406,bet,2886.73,2025-09-30 21:46:20
tx_3090,pl_1246,withdraw,1336.92,2025-03-20 21:46:20
tx_3091,pl_1424,deposit,149.77,2026-01-27 21:46:20
tx_3092,pl_1221,withdraw,2480.43,2026-01-15 21:46:20
tx_3093,pl_1501,bet,400.75,2025-06-14 21:46:20
tx_3094,pl_1076,deposit,2899.51,2026-02-17 21:46:20
tx_3095,pl_1369,withdraw,23.19,2026-01-04 21:46:20
tx_3096,pl_1318,withdraw,1210.5,2025-11-06 21:46:20
tx_3097,pl_1462,bet,1776.9,2025-06-24 21:46:20
tx_3098,pl_1286,bet,1885.69,2025-06-08 21:46:20
tx_3099,pl_1294,withdraw,2714.68,2025-06-15 21:46:20
tx_3100,pl_1035,withdraw,2824.62,2025-08-08 21:46:20
tx_3101,pl_1540,deposit,1008.99,2025-06-30 21:46:20
tx_3102,pl_1561,deposit,962.63,2026-01-18 21:46:20
tx_3103,pl_1104,withdraw,176.37,2025-09-29 21:46:20
tx_3104,pl_1379,withdraw,1465.54,2025-08-25 21:46:20
tx_3105,pl_1357,withdraw,126.1,2025-12-12 21:46:20
tx_3106,pl_1530,bet,954.81,2025-12-20 21:46:20
tx_3107,pl_1188,withdraw,396.44,2025-08-05 21:46:20
tx_3108,pl_1214,bet,293.89,2025-05-20 21:46:20
tx_3109,pl_1409,bet,2806.54,2025-12-15 21:46:20
tx_3110,pl_1597,bet,2589.34,2025-11-24 21:46:20
tx_3111,pl_1565,withdraw,937.75,2025-06-22 21:46:20
tx_3112,pl_1274,deposit,2141.71,2025-09-12 21:46:20
tx_3113,pl_1595,deposit,1781.7,2025-12-17 21:46:20
tx_3114,pl_1358,bet,1731.36,2025-04-28 21:46:20
tx_3115,pl_1326,withdraw,1790.78,2025-10-01 21:46:20
tx_3116,pl_1372,withdraw,1717.31,2026-01-23 21:46:20
tx_3117,pl_1522,bet,2937.46,2025-12-14 21:46:20
tx_3118,pl_1559,withdraw,2582.69,2026-01-19 21:46:20
tx_3119,pl_1367,deposit,2263.24,2025-10-13 21:46:20
tx_3120,pl_1029,deposit,130.56,2025-07-26 21:46:20
tx_3121,pl_1313,deposit,223.48,2025-04-11 21:46:20
tx_3122,pl_1582,withdraw,2095.72,2025-10-23 21:46:20
tx_3123,pl_1384,withdraw,2314.64,2025-08-26 21:46:20
tx_3124,pl_1526,deposit,738.23,2026-03-04 21:46:20
tx_3125,pl_1433,deposit,354.91,2026-02-26 21:46:20
tx_3126,pl_1286,withdraw,348.15,2025-09-29 21:46:20
tx_3127,pl_1542,withdraw,236.67,2025-06-08 21:46:20
tx_3128,pl_1166,bet,465.71,2025-12-16 21:46:20
tx_3129,pl_1320,bet,430.71,2025-10-03 21:46:20
tx_3130,pl_1221,withdraw,1934.87,2025-09-05 21:46:20
tx_3131,pl_1401,deposit,1480.6,2025-11-18 21:46:20
tx_3132,pl_1115,deposit,1266.72,2025-07-02 21:46:20
tx_3133,pl_1548,withdraw,2099.18,2025-10-12 21:46:20
tx_3134,pl_1328,bet,39.7,2025-08-05 21:46:20
tx_3135,pl_1326,deposit,2172.74,2025-05-12 21:46:20
tx_3136,pl_1004,bet,211.19,2025-06-23 21:46:20
tx_3137,pl_1308,bet,1845.27,2025-10-09 21:46:20
tx_3138,pl_1442,bet,882.24,2025-06-09 21:46:20
tx_3139,pl_1522,bet,2880.51,2025-07-09 21:46:20
tx_3140,pl_1306,withdraw,1376.83,2026-02-05 21:46:20
tx_3141,pl_1258,deposit,1384.02,2025-10-09 21:46:20
tx_3142,pl_1071,deposit,284.18,2025-04-16 21:46:20
tx_3143,pl_1142,withdraw,901.91,2025-10-31 21:46:20
tx_3144,pl_1292,bet,288.61,2025-04-24 21:46:20
tx_3145,pl_1367,deposit,1576.73,2025-03-20 21:46:20
tx_3146,pl_1586,withdraw,304.94,2025-04-23 21:46:20
tx_3147,pl_1154,bet,1044.5,2025-10-25 21:46:20
tx_3148,pl_1340,bet,119.48,2025-07-21 21:46:20
tx_3149,pl_1227,withdraw,823.26,2025-09-12 21:46:20
tx_3150,pl_1538,deposit,2067.77,2025-03-22 21:46:20
tx_3151,pl_1343,deposit,2648.25,2026-03-10 21:46:20
tx_3152,pl_1190,bet,2473.0,2025-09-21 21:46:20
tx_3153,pl_1244,withdraw,1703.06,2025-03-13 21:46:20
tx_3154,pl_1529,deposit,527.43,2025-05-06 21:46:20
tx_3155,pl_1573,bet,1357.54,2025-06-06 21:46:20
tx_3156,pl_1424,deposit,2246.7,2025-07-11 21:46:20
tx_3157,pl_1365,withdraw,2869.76,2025-12-29 21:46:20
tx_3158,pl_1362,withdraw,2327.87,2025-11-03 21:46:20
tx_3159,pl_1054,withdraw,2062.73,2025-04-11 21:46:20
tx_3160,pl_1224,withdraw,531.87,2025-11-29 21:46:20
tx_3161,pl_1483,withdraw,814.51,2025-12-21 21:46:20
tx_3162,pl_1534,deposit,2120.25,2026-01-26 21:46:20
tx_3163,pl_1025,bet,683.6,2025-11-10 21:46:20
tx_3164,pl_1415,withdraw,709.03,2026-02-15 21:46:20
tx_3165,pl_1045,deposit,1631.76,2025-12-17 21:46:20
tx_3166,pl_1078,deposit,2945.03,2026-01-27 21:46:20
tx_3167,pl_1468,bet,1855.25,2025-10-03 21:46:20
tx_3168,pl_1064,withdraw,1446.68,2025-08-16 21:46:20
tx_3169,pl_1521,withdraw,2458.2,2026-02-07 21:46:20
tx_3170,pl_1367,withdraw,2599.57,2026-02-03 21:46:20
tx_3171,pl_1324,withdraw,1512.71,2025-10-13 21:46:20
tx_3172,pl_1230,withdraw,2327.13,2025-10-26 21:46:20
tx_3173,pl_1296,withdraw,2146.87,2025-03-24 21:46:20
tx_3174,pl_1279,deposit,1617.1,2026-02-16 21:46:20
tx_3175,pl_1408,withdraw,2212.85,2025-11-19 21:46:20
tx_3176,pl_1458,bet,309.04,2025-09-24 21:46:20
tx_3177,pl_1058,deposit,927.31,2025-08-23 21:46:20
tx_3178,pl_1208,bet,940.69,2026-01-14 21:46:20
tx_3179,pl_1144,bet,456.79,2026-01-14 21:46:20
tx_3180,pl_1087,withdraw,1651.9,2026-03-05 21:46:20
tx_3181,pl_1557,withdraw,266.32,2025-09-30 21:46:20
tx_3182,pl_1583,bet,490.34,2025-05-09 21:46:20
tx_3183,pl_1037,bet,1442.2,2025-05-15 21:46:20
tx_3184,pl_1242,withdraw,2448.66,2025-04-12 21:46:20
tx_3185,pl_1355,bet,1837.78,2025-08-22 21:46:20
tx_3186,pl_1223,deposit,2584.87,2025-09-11 21:46:20
tx_3187,pl_1168,withdraw,324.23,2026-01-08 21:46:20
tx_3188,pl_1248,bet,660.01,2025-05-13 21:46:20
tx_3189,pl_1571,deposit,571.22,2025-09-24 21:46:20
tx_3190,pl_1322,deposit,1907.41,2025-04-01 21:46:20
tx_3191,pl_1077,withdraw,2491.7,2025-06-24 21:46:20
tx_3192,pl_1142,deposit,920.12,2025-06-28 21:46:20
tx_3193,pl_1418,bet,1783.26,2025-09-10 21:46:20
tx_3194,pl_1118,deposit,785.89,2025-06-18 21:46:20
tx_3195,pl_1215,bet,1032.84,2025-11-14 21:46:20
tx_3196,pl_1117,deposit,1945.02,2026-02-27 21:46:20
tx_3197,pl_1113,withdraw,1755.2,2026-02-18 21:46:20
tx_3198,pl_1170,withdraw,2285.67,2025-09-01 21:46:20
tx_3199,pl_1468,deposit,1827.99,2025-06-08 21:46:20
tx_3200,pl_1416,withdraw,2222.94,2025-11-06 21:46:20
tx_3201,pl_1570,bet,415.11,2025-09-17 21:46:20
tx_3202,pl_1587,bet,1157.75,2026-02-09 21:46:20
tx_3203,pl_1544,deposit,158.19,2025-07-27 21:46:20
tx_3204,pl_1081,withdraw,1824.28,2025-04-26 21:46:20
tx_3205,pl_1186,withdraw,2608.52,2025-09-14 21:46:20
tx_3206,pl_1527,withdraw,1153.4,2025-05-04 21:46:20
tx_3207,pl_1480,withdraw,2147.92,2025-07-27 21:46:20
tx_3208,pl_1467,deposit,2912.9,2026-02-21 21:46:20
tx_3209,pl_1415,bet,1102.51,2025-05-24 21:46:20
tx_3210,pl_1561,deposit,1475.15,2025-07-08 21:46:20
tx_3211,pl_1175,bet,1959.63,2026-01-23 21:46:20
tx_3212,pl_1510,withdraw,1394.13,2026-01-16 21:46:20
tx_3213,pl_1476,bet,1762.64,2025-12-01 21:46:20
tx_3214,pl_1505,withdraw,2748.52,2025-12-25 21:46:20
tx_3215,pl_1341,withdraw,2850.29,2025-10-10 21:46:20
tx_3216,pl_1271,bet,2440.25,2026-02-25 21:46:20
tx_3217,pl_1598,withdraw,428.89,2025-05-04 21:46:20
tx_3218,pl_1517,bet,1868.22,2025-11-30 21:46:20
tx_3219,pl_1011,bet,877.49,2025-04-11 21:46:20
tx_3220,pl_1594,deposit,498.36,2025-04-07 21:46:20
tx_3221,pl_1431,deposit,2638.8,2025-04-13 21:46:20
tx_3222,pl_1530,bet,749.89,2026-02-10 21:46:20
tx_3223,pl_1090,bet,1754.03,2025-04-25 21:46:20
tx_3224,pl_1223,withdraw,155.85,2025-07-22 21:46:20
tx_3225,pl_1435,deposit,2578.35,2025-10-21 21:46:20
tx_3226,pl_1101,bet,2315.79,2025-12-18 21:46:20
tx_3227,pl_1321,withdraw,2531.02,2025-04-25 21:46:20
tx_3228,pl_1233,deposit,2469.58,2025-09-20 21:46:20
tx_3229,pl_1393,deposit,2642.09,2025-10-14 21:46:20
tx_3230,pl_1054,deposit,621.18,2025-05-13 21:46:20
tx_3231,pl_1005,deposit,1045.66,2025-12-01 21:46:20
tx_3232,pl_1564,bet,2837.55,2025-04-25 21:46:20
tx_3233,pl_1147,withdraw,156.44,2026-03-01 21:46:20
tx_3234,pl_1363,bet,319.94,2025-11-25 21:46:20
tx_3235,pl_1095,bet,2453.92,2025-11-03 21:46:20
tx_3236,pl_1256,withdraw,696.94,2025-10-31 21:46:20
tx_3237,pl_1449,withdraw,409.22,2025-11-15 21:46:20
tx_3238,pl_1185,withdraw,2682.15,2025-03-30 21:46:20
tx_3239,pl_1406,withdraw,1567.76,2025-08-30 21:46:20
tx_3240,pl_1284,deposit,2400.9,2025-04-15 21:46:20
tx_3241,pl_1365,deposit,1784.5,2025-09-11 21:46:20
tx_3242,pl_1292,deposit,2692.89,2026-02-02 21:46:20
tx_3243,pl_1110,deposit,2999.47,2025-10-18 21:46:20
tx_3244,pl_1175,withdraw,336.83,2025-08-03 21:46:20
tx_3245,pl_1318,bet,1021.23,2025-03-25 21:46:20
tx_3246,pl_1008,deposit,33.99,2025-05-04 21:46:20
tx_3247,pl_1432,withdraw,371.75,2025-12-02 21:46:20
tx_3248,pl_1495,deposit,190.87,2025-05-14 21:46:20
tx_3249,pl_1311,deposit,2262.15,2025-12-29 21:46:20
tx_3250,pl_1421,bet,1735.44,2025-07-21 21:46:20
tx_3251,pl_1526,withdraw,944.21,2025-10-07 21:46:20
tx_3252,pl_1093,withdraw,267.18,2026-02-09 21:46:20
tx_3253,pl_1105,bet,574.05,2026-01-01 21:46:20
tx_3254,pl_1526,withdraw,676.75,2025-12-03 21:46:20
tx_3255,pl_1081,bet,1985.36,2025-12-18 21:46:20
tx_3256,pl_1473,bet,218.5,2025-08-28 21:46:20
tx_3257,pl_1359,deposit,2119.2,2026-02-08 21:46:20
tx_3258,pl_1113,bet,2819.34,2026-01-05 21:46:20
tx_3259,pl_1192,withdraw,2078.0,2025-04-11 21:46:20
tx_3260,pl_1018,deposit,220.96,2026-01-04 21:46:20
tx_3261,pl_1337,bet,928.46,2025-07-23 21:46:20
tx_3262,pl_1344,deposit,1426.45,2025-10-18 21:46:20
tx_3263,pl_1555,deposit,1581.03,2025-12-09 21:46:20
tx_3264,pl_1143,deposit,1003.35,2025-12-31 21:46:20
tx_3265,pl_1547,withdraw,1528.97,2026-02-17 21:46:20
tx_3266,pl_1361,bet,1965.71,2025-08-03 21:46:20
tx_3267,pl_1531,bet,223.02,2025-04-19 21:46:20
tx_3268,pl_1434,deposit,1481.79,2025-09-04 21:46:20
tx_3269,pl_1381,deposit,177.79,2025-06-16 21:46:20
tx_3270,pl_1031,withdraw,809.45,2025-07-28 21:46:20
tx_3271,pl_1363,withdraw,893.93,2026-03-04 21:46:20
tx_3272,pl_1222,deposit,1435.5,2026-02-18 21:46:20
tx_3273,pl_1399,deposit,1961.49,2025-06-12 21:46:20
tx_3274,pl_1276,deposit,2669.39,2025-12-02 21:46:20
tx_3275,pl_1482,deposit,433.07,2025-09-02 21:46:20
tx_3276,pl_1266,bet,2026.44,2025-07-28 21:46:20
tx_3277,pl_1161,bet,1164.66,2025-06-02 21:46:20
tx_3278,pl_1167,deposit,2237.95,2025-08-01 21:46:20
tx_3279,pl_1304,deposit,479.92,2025-04-12 21:46:20
tx_3280,pl_1343,bet,1863.99,2026-01-17 21:46:20
tx_3281,pl_1055,deposit,660.15,2025-03-21 21:46:20
tx_3282,pl_1346,withdraw,1058.59,2025-11-16 21:46:20
tx_3283,pl_1019,bet,2934.94,2026-01-01 21:46:20
tx_3284,pl_1439,bet,818.58,2025-04-12 21:46:20
tx_3285,pl_1521,deposit,775.99,2026-02-05 21:46:20
tx_3286,pl_1120,bet,2985.79,2025-08-23 21:46:20
tx_3287,pl_1176,deposit,315.55,2025-11-03 21:46:20
tx_3288,pl_1249,bet,2728.03,2025-04-03 21:46:20
tx_3289,pl_1169,deposit,112.04,2026-01-15 21:46:20
tx_3290,pl_1564,deposit,1501.11,2026-02-11 21:46:20
tx_3291,pl_1460,withdraw,2615.74,2025-04-26 21:46:20
tx_3292,pl_1305,bet,322.36,2025-03-31 21:46:20
tx_3293,pl_1405,withdraw,1345.48,2025-06-20 21:46:20
tx_3294,pl_1470,bet,1190.73,2026-03-02 21:46:20
tx_3295,pl_1310,deposit,1916.1,2025-03-27 21:46:20
tx_3296,pl_1208,deposit,189.73,2026-02-15 21:46:20
tx_3297,pl_1296,withdraw,30.94,2025-10-29 21:46:20
tx_3298,pl_1482,bet,2651.84,2026-02-07 21:46:20
tx_3299,pl_1252,withdraw,2950.14,2025-12-07 21:46:20
tx_3300,pl_1202,deposit,1362.53,2025-07-31 21:46:20
tx_3301,pl_1079,withdraw,1707.66,2025-07-17 21:46:20
tx_3302,pl_1449,deposit,186.1,2025-06-27 21:46:20
tx_3303,pl_1364,withdraw,1443.65,2025-07-05 21:46:20
tx_3304,pl_1478,withdraw,2898.35,2025-09-12 21:46:20
tx_3305,pl_1113,withdraw,1759.19,2025-04-04 21:46:20
tx_3306,pl_1523,deposit,2382.63,2025-04-11 21:46:20
tx_3307,pl_1409,deposit,432.75,2025-03-24 21:46:20
tx_3308,pl_1062,withdraw,2352.77,2025-10-11 21:46:20
tx_3309,pl_1576,withdraw,2919.53,2025-09-04 21:46:20
tx_3310,pl_1003,withdraw,1634.68,2025-08-16 21:46:20
tx_3311,pl_1199,bet,1549.99,2025-09-23 21:46:20
tx_3312,pl_1271,withdraw,565.9,2025-06-12 21:46:20
tx_3313,pl_1429,bet,1896.0,2025-10-30 21:46:20
tx_3314,pl_1413,withdraw,2653.56,2025-06-10 21:46:20
tx_3315,pl_1358,deposit,1173.23,2025-03-22 21:46:20
tx_3316,pl_1530,bet,2463.76,2025-12-25 21:46:20
tx_3317,pl_1331,withdraw,239.46,2025-11-05 21:46:20
tx_3318,pl_1134,withdraw,18.7,2025-06-24 21:46:20
tx_3319,pl_1072,bet,1299.72,2025-05-14 21:46:20
tx_3320,pl_1355,withdraw,2352.23,2025-09-24 21:46:20
tx_3321,pl_1456,withdraw,727.78,2026-03-02 21:46:20
tx_3322,pl_1310,withdraw,221.59,2025-12-06 21:46:20
tx_3323,pl_1413,bet,1090.86,2025-12-01 21:46:20
tx_3324,pl_1576,deposit,2728.39,2025-11-16 21:46:20
tx_3325,pl_1457,deposit,1304.73,2025-09-24 21:46:20
tx_3326,pl_1539,bet,1077.84,2025-06-26 21:46:20
tx_3327,pl_1308,deposit,2034.71,2025-10-22 21:46:20
tx_3328,pl_1462,withdraw,1924.35,2026-01-28 21:46:20
tx_3329,pl_1377,bet,2094.94,2026-02-22 21:46:20
tx_3330,pl_1236,deposit,2503.6,2025-04-13 21:46:20
tx_3331,pl_1097,bet,1959.27,2025-10-10 21:46:20
tx_3332,pl_1051,deposit,1058.42,2025-05-14 21:46:20
tx_3333,pl_1546,deposit,162.16,2025-12-08 21:46:20
tx_3334,pl_1182,deposit,138.85,2026-02-09 21:46:20
tx_3335,pl_1158,withdraw,871.73,2025-05-10 21:46:20
tx_3336,pl_1305,withdraw,1320.39,2025-05-21 21:46:20
tx_3337,pl_1311,deposit,2972.55,2026-03-04 21:46:20
tx_3338,pl_1125,deposit,2297.47,2025-12-29 21:46:20
tx_3339,pl_1500,deposit,1391.18,2025-11-16 21:46:20
tx_3340,pl_1036,bet,2561.55,2025-10-06 21:46:20
tx_3341,pl_1127,withdraw,2434.89,2025-10-08 21:46:20
tx_3342,pl_1332,withdraw,261.57,2025-06-08 21:46:20
tx_3343,pl_1295,bet,1536.42,2025-08-13 21:46:20
tx_3344,pl_1435,bet,2688.88,2025-06-14 21:46:20
tx_3345,pl_1052,withdraw,1955.99,2026-02-06 21:46:20
tx_3346,pl_1171,deposit,1935.04,2025-07-25 21:46:20
tx_3347,pl_1314,bet,2442.31,2026-03-06 21:46:20
tx_3348,pl_1004,withdraw,2539.56,2025-12-04 21:46:20
tx_3349,pl_1332,withdraw,1121.15,2025-12-24 21:46:20
tx_3350,pl_1141,bet,248.06,2025-08-28 21:46:20
tx_3351,pl_1419,deposit,2919.33,2025-08-04 21:46:20
tx_3352,pl_1365,deposit,2825.16,2025-03-20 21:46:20
tx_3353,pl_1050,bet,1562.38,2025-06-16 21:46:20
tx_3354,pl_1046,withdraw,2057.65,2025-08-05 21:46:20
tx_3355,pl_1388,withdraw,2779.33,2025-07-31 21:46:20
tx_3356,pl_1405,bet,608.44,2025-03-11 21:46:20
tx_3357,pl_1254,bet,1941.72,2025-12-20 21:46:20
tx_3358,pl_1486,deposit,2100.2,2025-06-24 21:46:20
tx_3359,pl_1449,withdraw,2487.41,2025-05-24 21:46:20
tx_3360,pl_1487,bet,615.13,2025-10-31 21:46:20
tx_3361,pl_1428,bet,2733.84,2025-08-30 21:46:20
tx_3362,pl_1193,withdraw,2647.71,2025-11-26 21:46:20
tx_3363,pl_1250,deposit,2686.51,2025-10-01 21:46:20
tx_3364,pl_1061,deposit,924.27,2025-11-29 21:46:20
tx_3365,pl_1030,withdraw,775.03,2025-03-18 21:46:20
tx_3366,pl_1559,deposit,1947.05,2025-07-04 21:46:20
tx_3367,pl_1338,bet,854.79,2025-04-28 21:46:20
tx_3368,pl_1001,deposit,2838.3,2025-04-07 21:46:20
tx_3369,pl_1136,deposit,1619.85,2025-08-25 21:46:20
tx_3370,pl_1388,bet,2551.41,2025-06-09 21:46:20
tx_3371,pl_1551,deposit,334.61,2025-12-19 21:46:20
tx_3372,pl_1525,bet,650.31,2025-07-27 21:46:20
tx_3373,pl_1544,deposit,1101.13,2025-05-19 21:46:20
tx_3374,pl_1230,deposit,709.23,2025-07-12 21:46:20
tx_3375,pl_1358,deposit,190.8,2025-08-30 21:46:20
tx_3376,pl_1062,deposit,1332.55,2025-09-16 21:46:20
tx_3377,pl_1196,withdraw,1191.76,2025-04-07 21:46:20
tx_3378,pl_1582,withdraw,2365.71,2025-09-24 21:46:20
tx_3379,pl_1261,withdraw,2709.59,2025-04-26 21:46:20
tx_3380,pl_1348,deposit,2000.32,2026-01-07 21:46:20
tx_3381,pl_1304,bet,1600.86,2025-11-26 21:46:20
tx_3382,pl_1387,bet,51.91,2025-11-02 21:46:20
tx_3383,pl_1172,bet,1084.1,2025-09-17 21:46:20
tx_3384,pl_1135,withdraw,281.34,2025-12-07 21:46:20
tx_3385,pl_1434,bet,427.72,2026-01-06 21:46:20
tx_3386,pl_1239,bet,1673.01,2025-07-08 21:46:20
tx_3387,pl_1341,withdraw,2024.1,2026-01-10 21:46:20
tx_3388,pl_1475,withdraw,34.34,2025-12-28 21:46:20
tx_3389,pl_1229,withdraw,2632.87,2025-09-05 21:46:20
tx_3390,pl_1255,withdraw,2991.14,2025-08-17 21:46:20
tx_3391,pl_1264,withdraw,2073.82,2025-09-12 21:46:20
tx_3392,pl_1397,withdraw,1046.04,2025-03-24 21:46:20
tx_3393,pl_1594,withdraw,1906.46,2025-08-27 21:46:20
tx_3394,pl_1249,bet,1276.39,2026-03-08 21:46:20
tx_3395,pl_1250,withdraw,2615.31,2025-05-13 21:46:20
tx_3396,pl_1448,withdraw,245.35,2026-01-01 21:46:20
tx_3397,pl_1205,withdraw,271.8,2025-08-23 21:46:20
tx_3398,pl_1295,deposit,1372.05,2025-07-02 21:46:20
tx_3399,pl_1462,deposit,2278.79,2026-01-12 21:46:20
tx_3400,pl_1142,withdraw,2218.76,2025-10-01 21:46:20
tx_3401,pl_1379,bet,1891.76,2025-09-28 21:46:20
tx_3402,pl_1256,deposit,1768.13,2025-06-07 21:46:20
tx_3403,pl_1037,withdraw,96.99,2025-11-06 21:46:20
tx_3404,pl_1360,withdraw,1515.0,2025-05-23 21:46:20
tx_3405,pl_1101,deposit,2864.47,2025-04-11 21:46:20
tx_3406,pl_1103,withdraw,1263.16,2025-08-29 21:46:20
tx_3407,pl_1285,deposit,2817.67,2026-01-15 21:46:20
tx_3408,pl_1294,withdraw,877.82,2025-09-26 21:46:20
tx_3409,pl_1222,deposit,824.08,2025-10-02 21:46:20
tx_3410,pl_1035,deposit,2374.72,2025-03-27 21:46:20
tx_3411,pl_1079,withdraw,668.51,2025-07-10 21:46:20
tx_3412,pl_1523,bet,1097.96,2025-10-31 21:46:20
tx_3413,pl_1490,deposit,2116.99,2025-03-13 21:46:20
tx_3414,pl_1596,withdraw,1487.1,2025-05-18 21:46:20
tx_3415,pl_1429,withdraw,1048.7,2025-11-03 21:46:20
tx_3416,pl_1414,deposit,2665.78,2025-12-09 21:46:20
tx_3417,pl_1549,deposit,753.31,2025-12-04 21:46:20
tx_3418,pl_1329,withdraw,2022.04,2025-04-07 21:46:20
tx_3419,pl_1573,withdraw,1221.75,2025-12-22 21:46:20
tx_3420,pl_1216,bet,860.28,2025-04-09 21:46:20
tx_3421,pl_1417,deposit,1949.66,2025-08-03 21:46:20
tx_3422,pl_1379,withdraw,1758.6,2025-05-15 21:46:20
tx_3423,pl_1442,withdraw,1321.16,2025-05-26 21:46:20
tx_3424,pl_1454,withdraw,1218.31,2025-08-18 21:46:20
tx_3425,pl_1279,bet,118.26,2026-01-31 21:46:20
tx_3426,pl_1091,deposit,2963.25,2025-11-30 21:46:20
tx_3427,pl_1496,deposit,818.61,2025-04-04 21:46:20
tx_3428,pl_1544,bet,2583.7,2025-10-26 21:46:20
tx_3429,pl_1374,deposit,1999.33,2025-08-19 21:46:20
tx_3430,pl_1159,withdraw,2231.19,2025-09-09 21:46:20
tx_3431,pl_1292,withdraw,2965.83,2026-01-29 21:46:20
tx_3432,pl_1456,deposit,1055.91,2025-05-22 21:46:20
tx_3433,pl_1237,deposit,1170.31,2025-05-26 21:46:20
tx_3434,pl_1496,withdraw,2882.95,2025-06-26 21:46:20
tx_3435,pl_1108,withdraw,1177.02,2025-10-07 21:46:20
tx_3436,pl_1341,bet,829.75,2026-01-30 21:46:20
tx_3437,pl_1079,deposit,1675.3,2025-12-28 21:46:20
tx_3438,pl_1001,bet,2544.71,2025-03-16 21:46:20
tx_3439,pl_1375,deposit,582.65,2026-03-10 21:46:20
tx_3440,pl_1143,withdraw,1244.95,2025-07-08 21:46:20
tx_3441,pl_1394,withdraw,1801.56,2025-06-09 21:46:20
tx_3442,pl_1472,deposit,107.27,2025-12-10 21:46:20
tx_3443,pl_1266,withdraw,1628.55,2026-01-16 21:46:20
tx_3444,pl_1338,withdraw,1289.18,2025-07-23 21:46:20
tx_3445,pl_1047,bet,406.03,2025-05-03 21:46:20
tx_3446,pl_1267,bet,941.22,2026-02-12 21:46:20
tx_3447,pl_1031,bet,2348.9,2025-04-22 21:46:20
tx_3448,pl_1194,withdraw,1135.35,2025-06-29 21:46:20
tx_3449,pl_1113,withdraw,290.59,2025-06-07 21:46:20
tx_3450,pl_1220,withdraw,2893.41,2025-05-26 21:46:20
tx_3451,pl_1069,deposit,1870.21,2025-07-27 21:46:20
tx_3452,pl_1395,withdraw,1120.71,2025-03-21 21:46:20
tx_3453,pl_1392,withdraw,1977.85,2025-12-05 21:46:20
tx_3454,pl_1239,deposit,1041.44,2025-11-19 21:46:20
tx_3455,pl_1167,withdraw,1948.39,2025-04-16 21:46:20
tx_3456,pl_1107,bet,102.62,2025-08-13 21:46:20
tx_3457,pl_1535,deposit,80.61,2025-08-12 21:46:20
tx_3458,pl_1127,withdraw,171.02,2025-11-18 21:46:20
tx_3459,pl_1046,deposit,593.57,2025-09-06 21:46:20
tx_3460,pl_1583,bet,1373.72,2025-12-26 21:46:20
tx_3461,pl_1007,bet,2446.79,2025-12-23 21:46:20
tx_3462,pl_1482,deposit,1925.5,2025-11-30 21:46:20
tx_3463,pl_1260,deposit,662.72,2025-07-14 21:46:20
tx_3464,pl_1398,deposit,378.74,2025-11-07 21:46:20
tx_3465,pl_1214,deposit,2772.44,2026-02-28 21:46:20
tx_3466,pl_1004,deposit,239.3,2026-03-07 21:46:20
tx_3467,pl_1356,withdraw,941.38,2026-01-20 21:46:20
tx_3468,pl_1231,bet,678.84,2026-02-18 21:46:20
tx_3469,pl_1509,withdraw,581.96,2025-03-31 21:46:20
tx_3470,pl_1485,bet,2028.8,2025-06-14 21:46:20
tx_3471,pl_1131,bet,2755.14,2025-07-17 21:46:20
tx_3472,pl_1360,withdraw,1310.34,2025-06-17 21:46:20
tx_3473,pl_1337,bet,161.44,2025-09-04 21:46:20
tx_3474,pl_1245,bet,2844.59,2025-06-10 21:46:20
tx_3475,pl_1209,bet,119.32,2026-03-06 21:46:20
tx_3476,pl_1098,withdraw,1035.9,2025-06-22 21:46:20
tx_3477,pl_1447,bet,933.51,2026-02-04 21:46:20
tx_3478,pl_1012,withdraw,1163.63,2025-07-30 21:46:20
tx_3479,pl_1528,bet,1615.53,2025-05-07 21:46:20
tx_3480,pl_1122,withdraw,677.35,2025-05-07 21:46:20
tx_3481,pl_1187,withdraw,2131.09,2026-01-09 21:46:20
tx_3482,pl_1049,deposit,604.62,2026-02-05 21:46:20
tx_3483,pl_1507,withdraw,55.38,2025-10-21 21:46:20
tx_3484,pl_1076,bet,1134.56,2026-02-24 21:46:20
tx_3485,pl_1306,bet,2186.35,2026-03-06 21:46:20
tx_3486,pl_1368,withdraw,995.49,2026-03-03 21:46:20
tx_3487,pl_1175,withdraw,938.13,2025-04-02 21:46:20
tx_3488,pl_1428,bet,2375.54,2025-06-20 21:46:20
tx_3489,pl_1078,withdraw,796.28,2025-07-17 21:46:20
tx_3490,pl_1410,bet,716.62,2026-01-02 21:46:20
tx_3491,pl_1310,withdraw,1142.17,2025-09-01 21:46:20
tx_3492,pl_1376,deposit,2234.95,2025-10-20 21:46:20
tx_3493,pl_1104,withdraw,2223.05,2025-12-15 21:46:20
tx_3494,pl_1223,bet,495.76,2025-12-10 21:46:20
tx_3495,pl_1039,withdraw,150.39,2025-04-28 21:46:20
tx_3496,pl_1124,deposit,488.8,2025-03-29 21:46:20
tx_3497,pl_1350,deposit,1700.34,2026-02-07 21:46:20
tx_3498,pl_1515,withdraw,351.52,2025-12-19 21:46:20
tx_3499,pl_1453,withdraw,1652.16,2025-07-29 21:46:20
tx_3500,pl_1245,deposit,2383.07,2025-05-20 21:46:20
tx_3501,pl_1042,deposit,1696.66,2025-05-11 21:46:20
tx_3502,pl_1092,deposit,2471.5,2025-09-04 21:46:20
tx_3503,pl_1351,bet,1113.0,2026-01-21 21:46:20
tx_3504,pl_1556,deposit,465.13,2025-04-20 21:46:20
tx_3505,pl_1500,deposit,291.55,2025-05-02 21:46:20
tx_3506,pl_1094,bet,2350.79,2025-05-13 21:46:20
tx_3507,pl_1507,withdraw,2651.96,2025-10-10 21:46:20
tx_3508,pl_1345,bet,2210.2,2025-07-27 21:46:20
tx_3509,pl_1387,deposit,1469.59,2025-09-11 21:46:20
tx_3510,pl_1544,deposit,1978.75,2025-09-19 21:46:20
tx_3511,pl_1362,deposit,2091.89,2026-01-05 21:46:20
tx_3512,pl_1146,withdraw,2848.19,2026-02-12 21:46:20
tx_3513,pl_1151,bet,668.54,2026-03-09 21:46:20
tx_3514,pl_1430,bet,2526.25,2025-11-08 21:46:20
tx_3515,pl_1278,bet,259.96,2025-10-28 21:46:20
tx_3516,pl_1538,deposit,1888.16,2025-12-26 21:46:20
tx_3517,pl_1137,bet,460.77,2025-09-05 21:46:20
tx_3518,pl_1045,bet,2239.67,2025-06-23 21:46:20
tx_3519,pl_1233,deposit,2988.7,2025-07-31 21:46:20
tx_3520,pl_1517,deposit,1975.99,2025-06-16 21:46:20
tx_3521,pl_1090,bet,1804.18,2025-08-05 21:46:20
tx_3522,pl_1555,withdraw,730.95,2025-03-20 21:46:20
tx_3523,pl_1375,deposit,1017.28,2025-11-11 21:46:20
tx_3524,pl_1225,withdraw,535.67,2025-11-15 21:46:20
tx_3525,pl_1095,withdraw,1670.29,2025-06-26 21:46:20
tx_3526,pl_1069,deposit,623.1,2025-08-04 21:46:20
tx_3527,pl_1022,bet,1080.08,2026-01-29 21:46:20
tx_3528,pl_1082,bet,1311.67,2025-10-23 21:46:20
tx_3529,pl_1030,withdraw,2238.99,2026-01-02 21:46:20
tx_3530,pl_1522,withdraw,2084.4,2026-01-16 21:46:20
tx_3531,pl_1361,withdraw,828.95,2025-03-30 21:46:20
tx_3532,pl_1077,deposit,2425.05,2025-06-15 21:46:20
tx_3533,pl_1415,withdraw,436.8,2026-01-02 21:46:20
tx_3534,pl_1533,bet,494.49,2025-04-17 21:46:20
tx_3535,pl_1421,deposit,2526.06,2025-11-16 21:46:20
tx_3536,pl_1172,bet,366.71,2025-04-01 21:46:20
tx_3537,pl_1561,bet,2593.13,2025-05-31 21:46:20
tx_3538,pl_1168,withdraw,1853.37,2025-10-01 21:46:20
tx_3539,pl_1187,deposit,1776.12,2025-06-06 21:46:20
tx_3540,pl_1082,deposit,643.17,2025-05-22 21:46:20
tx_3541,pl_1492,bet,2461.93,2025-04-17 21:46:20
tx_3542,pl_1248,bet,957.2,2025-03-30 21:46:20
tx_3543,pl_1432,withdraw,2703.69,2025-07-02 21:46:20
tx_3544,pl_1047,withdraw,397.24,2025-05-03 21:46:20
tx_3545,pl_1315,bet,1585.78,2025-09-26 21:46:20
tx_3546,pl_1028,withdraw,2661.71,2025-11-21 21:46:20
tx_3547,pl_1267,deposit,639.18,2026-03-08 21:46:20
tx_3548,pl_1155,deposit,1038.12,2025-10-11 21:46:20
tx_3549,pl_1473,deposit,2337.89,2025-03-30 21:46:20
tx_3550,pl_1209,bet,1114.78,2025-07-15 21:46:20
tx_3551,pl_1293,withdraw,2234.81,2025-05-23 21:46:20
tx_3552,pl_1207,bet,2716.83,2026-02-14 21:46:20
tx_3553,pl_1265,bet,2643.65,2025-05-15 21:46:20
tx_3554,pl_1365,deposit,2289.97,2026-02-02 21:46:20
tx_3555,pl_1420,withdraw,2824.5,2025-06-25 21:46:20
tx_3556,pl_1168,bet,1979.65,2025-11-19 21:46:20
tx_3557,pl_1422,withdraw,1203.28,2025-04-07 21:46:20
tx_3558,pl_1454,bet,722.52,2025-04-28 21:46:20
tx_3559,pl_1070,bet,2205.49,2025-06-14 21:46:20
tx_3560,pl_1269,bet,2542.72,2025-11-12 21:46:20
tx_3561,pl_1077,withdraw,2912.7,2026-03-01 21:46:20
tx_3562,pl_1541,bet,2944.5,2025-07-26 21:46:20
tx_3563,pl_1548,bet,182.45,2025-07-08 21:46:20
tx_3564,pl_1350,bet,287.24,2025-04-27 21:46:20
tx_3565,pl_1155,deposit,1840.26,2026-02-03 21:46:20
tx_3566,pl_1200,deposit,2216.38,2025-11-02 21:46:20
tx_3567,pl_1216,withdraw,264.67,2025-08-18 21:46:20
tx_3568,pl_1102,withdraw,496.12,2025-10-14 21:46:20
tx_3569,pl_1544,bet,200.71,2026-02-16 21:46:20
tx_3570,pl_1383,withdraw,2771.47,2025-12-13 21:46:20
tx_3571,pl_1466,bet,2374.84,2025-06-18 21:46:20
tx_3572,pl_1589,deposit,2564.67,2025-12-04 21:46:20
tx_3573,pl_1593,withdraw,1335.06,2025-09-14 21:46:20
tx_3574,pl_1494,bet,841.85,2025-12-11 21:46:20
tx_3575,pl_1507,withdraw,2860.65,2026-02-20 21:46:20
tx_3576,pl_1422,deposit,1245.65,2026-03-05 21:46:20
tx_3577,pl_1116,deposit,2217.3,2025-05-13 21:46:20
tx_3578,pl_1413,bet,999.6,2025-11-01 21:46:20
tx_3579,pl_1048,withdraw,1843.58,2025-11-01 21:46:20
tx_3580,pl_1443,withdraw,1658.94,2025-10-01 21:46:20
tx_3581,pl_1593,withdraw,656.6,2025-11-10 21:46:20
tx_3582,pl_1153,deposit,2364.98,2025-12-17 21:46:20
tx_3583,pl_1522,deposit,2615.21,2025-09-25 21:46:20
tx_3584,pl_1199,deposit,1924.66,2026-01-12 21:46:20
tx_3585,pl_1395,withdraw,1741.84,2025-11-15 21:46:20
tx_3586,pl_1152,deposit,260.08,2025-06-20 21:46:20
tx_3587,pl_1076,withdraw,20.34,2025-12-07 21:46:20
tx_3588,pl_1340,withdraw,112.88,2025-09-21 21:46:20
tx_3589,pl_1035,withdraw,393.49,2025-06-12 21:46:20
tx_3590,pl_1580,bet,2143.44,2025-06-30 21:46:20
tx_3591,pl_1418,bet,794.57,2025-08-29 21:46:20
tx_3592,pl_1371,withdraw,1710.13,2025-03-26 21:46:20
tx_3593,pl_1240,deposit,1663.36,2025-05-21 21:46:20
tx_3594,pl_1452,deposit,2478.92,2025-05-27 21:46:20
tx_3595,pl_1388,deposit,1539.6,2026-02-16 21:46:20
tx_3596,pl_1529,bet,1481.99,2026-02-10 21:46:20
tx_3597,pl_1274,withdraw,270.82,2025-07-08 21:46:20
tx_3598,pl_1147,withdraw,1116.71,2025-09-30 21:46:20
tx_3599,pl_1351,bet,1913.82,2025-10-12 21:46:20
tx_3600,pl_1238,withdraw,275.53,2025-11-01 21:46:20
tx_3601,pl_1074,bet,1705.88,2025-11-10 21:46:20
tx_3602,pl_1373,bet,297.23,2026-01-27 21:46:20
tx_3603,pl_1487,deposit,311.95,2025-09-16 21:46:20
tx_3604,pl_1303,withdraw,2216.39,2025-12-01 21:46:20
tx_3605,pl_1507,bet,828.19,2026-02-14 21:46:20
tx_3606,pl_1194,deposit,2296.85,2025-12-27 21:46:20
tx_3607,pl_1051,bet,542.02,2025-10-26 21:46:20
tx_3608,pl_1379,deposit,223.36,2025-06-18 21:46:20
tx_3609,pl_1330,bet,521.56,2025-08-12 21:46:20
tx_3610,pl_1119,deposit,264.93,2026-01-03 21:46:20
tx_3611,pl_1544,deposit,2856.18,2025-07-27 21:46:20
tx_3612,pl_1524,deposit,672.92,2025-06-01 21:46:20
tx_3613,pl_1321,withdraw,1196.26,2025-09-04 21:46:20
tx_3614,pl_1395,bet,2441.6,2025-10-15 21:46:20
tx_3615,pl_1013,bet,191.29,2025-08-19 21:46:20
tx_3616,pl_1443,withdraw,1829.75,2025-09-01 21:46:20
tx_3617,pl_1096,deposit,2622.45,2026-02-13 21:46:20
tx_3618,pl_1193,withdraw,706.43,2025-08-28 21:46:20
tx_3619,pl_1532,bet,2220.48,2025-05-02 21:46:20
tx_3620,pl_1064,bet,2994.51,2025-09-14 21:46:20
tx_3621,pl_1415,bet,689.77,2025-10-12 21:46:20
tx_3622,pl_1430,bet,1990.08,2026-02-17 21:46:20
tx_3623,pl_1554,bet,1892.61,2025-07-07 21:46:20
tx_3624,pl_1292,deposit,2197.48,2025-08-07 21:46:20
tx_3625,pl_1559,deposit,1661.89,2025-06-20 21:46:20
tx_3626,pl_1030,deposit,181.44,2025-09-15 21:46:20
tx_3627,pl_1100,deposit,396.13,2025-12-01 21:46:20
tx_3628,pl_1061,deposit,1032.63,2026-01-20 21:46:20
tx_3629,pl_1011,deposit,364.1,2025-11-22 21:46:20
tx_3630,pl_1407,deposit,2937.1,2026-02-27 21:46:20
tx_3631,pl_1090,deposit,346.13,2025-03-14 21:46:20
tx_3632,pl_1140,bet,1134.89,2025-04-25 21:46:20
tx_3633,pl_1222,deposit,122.02,2025-09-27 21:46:20
tx_3634,pl_1535,deposit,408.13,2026-02-04 21:46:20
tx_3635,pl_1033,deposit,1081.08,2026-01-08 21:46:20
tx_3636,pl_1554,withdraw,2731.8,2025-10-30 21:46:20
tx_3637,pl_1420,deposit,68.97,2025-08-17 21:46:20
tx_3638,pl_1489,bet,908.96,2025-11-03 21:46:20
tx_3639,pl_1213,withdraw,1903.44,2026-01-07 21:46:20
tx_3640,pl_1454,withdraw,1008.95,2025-11-23 21:46:20
tx_3641,pl_1477,deposit,2205.58,2025-08-14 21:46:20
tx_3642,pl_1411,deposit,312.59,2025-12-23 21:46:20
tx_3643,pl_1097,withdraw,74.57,2025-10-02 21:46:20
tx_3644,pl_1063,withdraw,1827.9,2025-05-11 21:46:20
tx_3645,pl_1430,bet,2114.92,2025-11-23 21:46:20
tx_3646,pl_1274,withdraw,445.09,2025-10-16 21:46:20
tx_3647,pl_1502,bet,2914.08,2025-10-07 21:46:20
tx_3648,pl_1410,bet,849.56,2025-09-17 21:46:20
tx_3649,pl_1554,bet,149.2,2025-11-14 21:46:20
tx_3650,pl_1386,bet,2545.29,2025-08-29 21:46:20
tx_3651,pl_1564,deposit,1322.46,2025-06-29 21:46:20
tx_3652,pl_1086,withdraw,553.93,2025-10-20 21:46:20
tx_3653,pl_1093,withdraw,2487.09,2025-07-23 21:46:20
tx_3654,pl_1286,bet,405.29,2025-07-24 21:46:20
tx_3655,pl_1450,withdraw,755.74,2025-05-30 21:46:20
tx_3656,pl_1294,bet,2177.15,2026-01-26 21:46:20
tx_3657,pl_1232,withdraw,1906.56,2025-05-01 21:46:20
tx_3658,pl_1290,bet,1739.22,2025-09-10 21:46:20
tx_3659,pl_1463,bet,250.12,2025-05-13 21:46:20
tx_3660,pl_1373,bet,2792.49,2025-10-08 21:46:20
tx_3661,pl_1178,withdraw,2707.01,2026-01-20 21:46:20
tx_3662,pl_1356,bet,1575.85,2025-11-04 21:46:20
tx_3663,pl_1197,bet,1551.23,2025-04-27 21:46:20
tx_3664,pl_1111,deposit,670.89,2025-05-08 21:46:20
tx_3665,pl_1510,bet,676.5,2026-02-22 21:46:20
tx_3666,pl_1459,withdraw,1807.55,2026-02-27 21:46:20
tx_3667,pl_1015,deposit,2450.08,2025-09-26 21:46:20
tx_3668,pl_1080,bet,1165.69,2025-03-19 21:46:20
tx_3669,pl_1347,withdraw,1762.16,2025-08-03 21:46:20
tx_3670,pl_1449,bet,2774.19,2025-09-25 21:46:20
tx_3671,pl_1262,bet,1139.28,2025-09-01 21:46:20
tx_3672,pl_1517,withdraw,1261.25,2025-07-15 21:46:20
tx_3673,pl_1204,withdraw,1390.95,2025-11-16 21:46:20
tx_3674,pl_1282,withdraw,151.76,2025-10-02 21:46:20
tx_3675,pl_1169,bet,188.41,2026-01-06 21:46:20
tx_3676,pl_1060,deposit,512.75,2025-06-22 21:46:20
tx_3677,pl_1235,bet,221.14,2025-09-27 21:46:20
tx_3678,pl_1297,deposit,2402.35,2025-04-22 21:46:20
tx_3679,pl_1217,deposit,1992.12,2026-01-09 21:46:20
tx_3680,pl_1366,bet,1057.11,2026-02-05 21:46:20
tx_3681,pl_1296,bet,1091.67,2025-07-30 21:46:20
tx_3682,pl_1404,withdraw,640.67,2026-01-17 21:46:20
tx_3683,pl_1455,deposit,2712.72,2026-03-08 21:46:20
tx_3684,pl_1418,bet,24.35,2025-05-21 21:46:20
tx_3685,pl_1589,deposit,421.62,2026-01-17 21:46:20
tx_3686,pl_1169,withdraw,1305.06,2025-09-01 21:46:20
tx_3687,pl_1358,withdraw,1785.92,2026-02-25 21:46:20
tx_3688,pl_1203,bet,352.29,2026-02-21 21:46:20
tx_3689,pl_1117,deposit,264.82,2025-05-02 21:46:20
tx_3690,pl_1316,deposit,2398.72,2025-11-29 21:46:20
tx_3691,pl_1046,withdraw,1285.74,2025-08-17 21:46:20
tx_3692,pl_1215,bet,2134.07,2025-08-25 21:46:20
tx_3693,pl_1536,bet,2226.93,2025-04-03 21:46:20
tx_3694,pl_1420,bet,981.74,2026-02-21 21:46:20
tx_3695,pl_1055,deposit,396.29,2026-02-27 21:46:20
tx_3696,pl_1161,withdraw,2140.04,2025-10-21 21:46:20
tx_3697,pl_1326,withdraw,2590.06,2025-03-24 21:46:20
tx_3698,pl_1000,bet,2966.34,2025-07-15 21:46:20
tx_3699,pl_1183,deposit,1382.98,2025-08-14 21:46:20
tx_3700,pl_1524,bet,1786.93,2026-02-04 21:46:20
tx_3701,pl_1442,bet,1681.43,2025-12-02 21:46:20
tx_3702,pl_1134,withdraw,2101.41,2025-09-10 21:46:20
tx_3703,pl_1175,bet,1058.48,2025-11-26 21:46:20
tx_3704,pl_1599,deposit,980.7,2025-04-19 21:46:20
tx_3705,pl_1592,withdraw,1238.91,2025-12-30 21:46:20
tx_3706,pl_1173,deposit,1859.69,2026-02-22 21:46:20
tx_3707,pl_1550,bet,664.47,2025-05-10 21:46:20
tx_3708,pl_1092,withdraw,694.06,2025-11-29 21:46:20
tx_3709,pl_1562,bet,2870.94,2025-03-22 21:46:20
tx_3710,pl_1406,bet,2192.92,2026-02-28 21:46:20
tx_3711,pl_1332,withdraw,403.91,2025-10-15 21:46:20
tx_3712,pl_1503,deposit,811.12,2025-12-19 21:46:20
tx_3713,pl_1065,bet,539.92,2026-01-14 21:46:20
tx_3714,pl_1593,bet,2407.73,2026-02-26 21:46:20
tx_3715,pl_1247,withdraw,306.96,2025-07-04 21:46:20
tx_3716,pl_1468,deposit,445.91,2026-02-20 21:46:20
tx_3717,pl_1519,deposit,955.3,2025-07-27 21:46:20
tx_3718,pl_1285,bet,1549.7,2025-11-23 21:46:20
tx_3719,pl_1094,bet,375.46,2025-11-19 21:46:20
tx_3720,pl_1440,bet,1466.28,2025-10-29 21:46:20
tx_3721,pl_1525,bet,998.22,2025-04-17 21:46:20
tx_3722,pl_1476,withdraw,347.29,2025-05-22 21:46:20
tx_3723,pl_1272,withdraw,1415.34,2026-01-14 21:46:20
tx_3724,pl_1422,bet,1678.68,2025-08-23 21:46:20
tx_3725,pl_1126,bet,1733.44,2025-06-29 21:46:20
tx_3726,pl_1364,deposit,2569.84,2025-04-14 21:46:20
tx_3727,pl_1346,withdraw,1355.93,2025-10-19 21:46:20
tx_3728,pl_1519,bet,123.2,2025-12-05 21:46:20
tx_3729,pl_1008,deposit,2484.38,2025-09-09 21:46:20
tx_3730,pl_1300,withdraw,2242.85,2025-09-11 21:46:20
tx_3731,pl_1163,bet,1613.32,2025-03-22 21:46:20
tx_3732,pl_1071,withdraw,1514.97,2025-06-25 21:46:20
tx_3733,pl_1366,bet,465.92,2025-08-11 21:46:20
tx_3734,pl_1056,withdraw,2386.45,2025-07-07 21:46:20
tx_3735,pl_1539,bet,2809.16,2025-09-25 21:46:20
tx_3736,pl_1165,bet,1655.88,2025-05-27 21:46:20
tx_3737,pl_1001,withdraw,1897.61,2025-04-11 21:46:20
tx_3738,pl_1337,withdraw,688.42,2025-06-04 21:46:20
tx_3739,pl_1491,deposit,2914.4,2025-09-09 21:46:20
tx_3740,pl_1380,bet,2937.72,2025-09-06 21:46:20
tx_3741,pl_1503,deposit,1339.4,2025-03-10 21:46:20
tx_3742,pl_1417,bet,1584.37,2025-03-10 21:46:20
tx_3743,pl_1157,bet,1659.03,2025-05-06 21:46:20
tx_3744,pl_1033,withdraw,1420.85,2025-07-18 21:46:20
tx_3745,pl_1004,withdraw,1255.47,2025-03-29 21:46:20
tx_3746,pl_1464,withdraw,1374.63,2025-04-01 21:46:20
tx_3747,pl_1369,withdraw,2424.0,2025-08-19 21:46:20
tx_3748,pl_1481,withdraw,1963.73,2026-03-05 21:46:20
tx_3749,pl_1472,bet,1090.81,2025-09-16 21:46:20
tx_3750,pl_1476,withdraw,2055.6,2025-06-24 21:46:20
tx_3751,pl_1037,withdraw,2601.78,2025-11-09 21:46:20
tx_3752,pl_1277,deposit,480.48,2025-11-20 21:46:20
tx_3753,pl_1482,deposit,2888.25,2026-03-04 21:46:20
tx_3754,pl_1024,withdraw,2862.12,2025-07-08 21:46:20
tx_3755,pl_1028,bet,1824.73,2025-11-02 21:46:20
tx_3756,pl_1523,withdraw,1253.17,2025-06-06 21:46:20
tx_3757,pl_1046,withdraw,732.41,2025-09-27 21:46:20
tx_3758,pl_1006,bet,694.11,2026-01-17 21:46:20
tx_3759,pl_1403,bet,2977.2,2025-04-21 21:46:20
tx_3760,pl_1257,bet,1373.49,2025-06-13 21:46:20
tx_3761,pl_1349,withdraw,852.25,2025-12-08 21:46:20
tx_3762,pl_1371,deposit,2581.92,2025-03-26 21:46:20
tx_3763,pl_1541,bet,2018.13,2025-07-01 21:46:20
tx_3764,pl_1116,bet,2068.52,2025-03-17 21:46:20
tx_3765,pl_1091,withdraw,605.67,2025-04-23 21:46:20
tx_3766,pl_1194,bet,109.86,2025-10-19 21:46:20
tx_3767,pl_1518,deposit,2718.77,2025-06-12 21:46:20
tx_3768,pl_1317,bet,92.31,2025-08-31 21:46:20
tx_3769,pl_1416,deposit,1482.72,2025-05-19 21:46:20
tx_3770,pl_1194,deposit,822.27,2025-05-10 21:46:20
tx_3771,pl_1306,deposit,1537.15,2025-08-15 21:46:20
tx_3772,pl_1165,withdraw,2629.55,2025-05-12 21:46:20
tx_3773,pl_1212,withdraw,2063.88,2026-03-04 21:46:20
tx_3774,pl_1583,deposit,460.79,2026-02-25 21:46:20
tx_3775,pl_1521,deposit,2554.75,2025-07-16 21:46:20
tx_3776,pl_1015,withdraw,413.13,2025-10-03 21:46:20
tx_3777,pl_1539,bet,783.59,2025-06-24 21:46:20
tx_3778,pl_1275,deposit,824.0,2025-10-12 21:46:20
tx_3779,pl_1149,withdraw,1009.26,2025-09-21 21:46:20
tx_3780,pl_1166,deposit,2373.34,2026-01-03 21:46:20
tx_3781,pl_1186,deposit,1374.36,2025-07-23 21:46:20
tx_3782,pl_1206,deposit,1369.28,2025-08-11 21:46:20
tx_3783,pl_1241,withdraw,2382.43,2025-07-30 21:46:20
tx_3784,pl_1540,bet,2659.65,2025-07-13 21:46:20
tx_3785,pl_1209,bet,2855.07,2025-10-03 21:46:20
tx_3786,pl_1465,deposit,2183.72,2025-07-23 21:46:20
tx_3787,pl_1479,withdraw,1590.37,2025-08-15 21:46:20
tx_3788,pl_1525,withdraw,2314.11,2025-10-07 21:46:20
tx_3789,pl_1069,bet,682.31,2025-09-25 21:46:20
tx_3790,pl_1026,deposit,166.26,2025-10-04 21:46:20
tx_3791,pl_1301,withdraw,2747.29,2025-11-09 21:46:20
tx_3792,pl_1489,withdraw,355.12,2025-05-26 21:46:20
tx_3793,pl_1500,bet,2701.85,2025-08-05 21:46:20
tx_3794,pl_1207,bet,1158.76,2025-09-09 21:46:20
tx_3795,pl_1298,deposit,250.53,2026-02-09 21:46:20
tx_3796,pl_1524,bet,151.66,2025-07-24 21:46:20
tx_3797,pl_1239,deposit,82.75,2025-12-12 21:46:20
tx_3798,pl_1231,deposit,610.51,2025-07-19 21:46:20
tx_3799,pl_1563,bet,2994.13,2025-06-11 21:46:20
tx_3800,pl_1044,withdraw,2052.85,2026-02-18 21:46:20
tx_3801,pl_1063,withdraw,1600.67,2025-04-12 21:46:20
tx_3802,pl_1577,deposit,1607.03,2025-04-03 21:46:20
tx_3803,pl_1534,withdraw,1039.8,2025-06-11 21:46:20
tx_3804,pl_1314,deposit,2433.82,2025-05-29 21:46:20
tx_3805,pl_1162,bet,829.84,2025-03-23 21:46:20
tx_3806,pl_1119,withdraw,1541.43,2026-02-20 21:46:20
tx_3807,pl_1069,withdraw,2641.18,2025-08-10 21:46:20
tx_3808,pl_1370,withdraw,870.97,2025-05-21 21:46:20
tx_3809,pl_1376,deposit,161.19,2025-12-05 21:46:20
tx_3810,pl_1170,withdraw,2139.92,2025-05-18 21:46:20
tx_3811,pl_1466,bet,434.67,2025-07-04 21:46:20
tx_3812,pl_1420,bet,2061.25,2025-10-28 21:46:20
tx_3813,pl_1032,bet,1800.18,2026-01-06 21:46:20
tx_3814,pl_1198,bet,1795.27,2025-12-24 21:46:20
tx_3815,pl_1351,deposit,2259.15,2025-08-21 21:46:20
tx_3816,pl_1574,deposit,1943.72,2025-05-04 21:46:20
tx_3817,pl_1074,deposit,2802.15,2026-02-11 21:46:20
tx_3818,pl_1354,bet,2381.94,2025-06-06 21:46:20
tx_3819,pl_1265,bet,2837.68,2025-09-26 21:46:20
tx_3820,pl_1512,bet,2697.09,2025-10-11 21:46:20
tx_3821,pl_1175,bet,545.55,2025-07-18 21:46:20
tx_3822,pl_1359,withdraw,1239.29,2025-07-02 21:46:20
tx_3823,pl_1173,bet,1326.05,2026-02-13 21:46:20
tx_3824,pl_1020,deposit,508.25,2025-06-16 21:46:20
tx_3825,pl_1317,deposit,620.43,2025-11-07 21:46:20
tx_3826,pl_1013,bet,2540.94,2026-03-03 21:46:20
tx_3827,pl_1345,bet,2486.82,2025-10-03 21:46:20
tx_3828,pl_1511,deposit,2895.99,2025-08-21 21:46:20
tx_3829,pl_1416,withdraw,1903.54,2025-05-09 21:46:20
tx_3830,pl_1420,withdraw,2776.37,2025-03-26 21:46:20
tx_3831,pl_1100,withdraw,471.04,2025-04-27 21:46:20
tx_3832,pl_1548,withdraw,2993.36,2025-09-10 21:46:20
tx_3833,pl_1007,bet,1221.91,2025-07-17 21:46:20
tx_3834,pl_1376,bet,346.63,2025-11-28 21:46:20
tx_3835,pl_1280,bet,1623.69,2026-01-22 21:46:20
tx_3836,pl_1182,bet,1215.27,2026-02-13 21:46:20
tx_3837,pl_1511,bet,792.23,2025-08-13 21:46:20
tx_3838,pl_1389,deposit,2134.93,2025-06-24 21:46:20
tx_3839,pl_1192,withdraw,1395.55,2025-08-10 21:46:20
tx_3840,pl_1499,deposit,1404.75,2026-02-15 21:46:20
tx_3841,pl_1290,bet,2148.72,2025-06-23 21:46:20
tx_3842,pl_1455,bet,1131.18,2025-10-08 21:46:20
tx_3843,pl_1494,withdraw,2841.33,2025-09-29 21:46:20
tx_3844,pl_1105,withdraw,1863.23,2025-09-15 21:46:20
tx_3845,pl_1436,bet,2862.12,2025-03-26 21:46:20
tx_3846,pl_1223,bet,2617.94,2025-06-20 21:46:20
tx_3847,pl_1129,withdraw,1802.33,2025-10-17 21:46:20
tx_3848,pl_1069,withdraw,686.45,2025-10-09 21:46:20
tx_3849,pl_1379,withdraw,2824.71,2025-12-23 21:46:20
tx_3850,pl_1022,deposit,1837.01,2026-01-25 21:46:20
tx_3851,pl_1524,deposit,309.8,2026-01-25 21:46:20
tx_3852,pl_1243,deposit,1073.23,2025-10-31 21:46:20
tx_3853,pl_1375,withdraw,1409.19,2026-03-06 21:46:20
tx_3854,pl_1598,withdraw,2888.86,2025-11-07 21:46:20
tx_3855,pl_1182,withdraw,1034.87,2025-11-18 21:46:20
tx_3856,pl_1310,withdraw,563.33,2026-02-07 21:46:20
tx_3857,pl_1394,bet,2546.6,2025-05-13 21:46:20
tx_3858,pl_1402,bet,1337.49,2025-09-19 21:46:20
tx_3859,pl_1107,deposit,685.97,2026-02-20 21:46:20
tx_3860,pl_1385,bet,1641.36,2026-02-28 21:46:20
tx_3861,pl_1088,bet,1520.92,2025-11-15 21:46:20
tx_3862,pl_1140,withdraw,1263.43,2025-08-22 21:46:20
tx_3863,pl_1598,deposit,2837.44,2025-07-24 21:46:20
tx_3864,pl_1122,deposit,2359.67,2025-04-26 21:46:20
tx_3865,pl_1354,deposit,2930.07,2026-01-11 21:46:20
tx_3866,pl_1524,deposit,2780.57,2025-11-21 21:46:20
tx_3867,pl_1088,bet,499.55,2026-02-28 21:46:20
tx_3868,pl_1153,bet,2784.57,2025-06-06 21:46:20
tx_3869,pl_1467,withdraw,1915.64,2025-11-12 21:46:20
tx_3870,pl_1048,deposit,1120.2,2025-10-12 21:46:20
tx_3871,pl_1419,withdraw,2388.77,2025-12-07 21:46:20
tx_3872,pl_1217,withdraw,544.94,2025-07-24 21:46:20
tx_3873,pl_1539,withdraw,1681.32,2025-06-21 21:46:20
tx_3874,pl_1507,withdraw,2736.69,2026-02-23 21:46:20
tx_3875,pl_1253,withdraw,138.47,2026-02-03 21:46:20
tx_3876,pl_1353,bet,39.21,2025-11-07 21:46:20
tx_3877,pl_1509,bet,290.2,2026-02-06 21:46:20
tx_3878,pl_1502,bet,2639.51,2025-07-17 21:46:20
tx_3879,pl_1169,withdraw,2287.73,2025-12-01 21:46:20
tx_3880,pl_1571,deposit,794.8,2026-01-25 21:46:20
tx_3881,pl_1169,withdraw,835.41,2025-08-29 21:46:20
tx_3882,pl_1382,deposit,1720.2,2026-02-13 21:46:20
tx_3883,pl_1140,deposit,843.07,2026-01-23 21:46:20
tx_3884,pl_1331,withdraw,637.25,2025-11-11 21:46:20
tx_3885,pl_1446,bet,1874.07,2025-11-08 21:46:20
tx_3886,pl_1089,bet,272.58,2025-04-12 21:46:20
tx_3887,pl_1206,withdraw,1634.66,2025-12-28 21:46:20
tx_3888,pl_1566,deposit,2080.7,2026-01-04 21:46:20
tx_3889,pl_1033,withdraw,1749.0,2025-09-25 21:46:20
tx_3890,pl_1245,deposit,1386.56,2025-11-26 21:46:20
tx_3891,pl_1535,withdraw,2651.67,2025-10-05 21:46:20
tx_3892,pl_1355,deposit,2737.22,2025-12-22 21:46:20
tx_3893,pl_1584,withdraw,1595.01,2025-04-10 21:46:20
tx_3894,pl_1274,withdraw,2031.4,2026-02-22 21:46:20
tx_3895,pl_1249,withdraw,1653.93,2026-02-01 21:46:20
tx_3896,pl_1099,bet,1823.52,2025-09-16 21:46:20
tx_3897,pl_1026,bet,167.72,2025-12-04 21:46:20
tx_3898,pl_1226,deposit,13.76,2025-07-01 21:46:20
tx_3899,pl_1018,bet,2273.38,2025-04-30 21:46:20
tx_3900,pl_1072,bet,125.67,2025-05-10 21:46:20
tx_3901,pl_1372,bet,2322.01,2025-12-15 21:46:20
tx_3902,pl_1388,withdraw,2029.53,2025-10-26 21:46:20
tx_3903,pl_1138,bet,1305.69,2025-11-18 21:46:20
tx_3904,pl_1372,withdraw,2714.92,2025-05-01 21:46:20
tx_3905,pl_1517,bet,36.44,2025-12-20 21:46:20
tx_3906,pl_1571,bet,1215.95,2025-06-29 21:46:20
tx_3907,pl_1149,bet,385.16,2026-01-22 21:46:20
tx_3908,pl_1428,bet,1904.61,2025-12-12 21:46:20
tx_3909,pl_1455,bet,283.66,2026-01-20 21:46:20
tx_3910,pl_1120,deposit,256.51,2025-04-10 21:46:20
tx_3911,pl_1575,withdraw,114.09,2025-09-18 21:46:20
tx_3912,pl_1148,deposit,2627.48,2025-12-28 21:46:20
tx_3913,pl_1056,deposit,851.12,2025-12-21 21:46:20
tx_3914,pl_1416,bet,1639.78,2025-11-23 21:46:20
tx_3915,pl_1468,deposit,2442.83,2025-05-16 21:46:20
tx_3916,pl_1112,bet,588.27,2025-12-11 21:46:20
tx_3917,pl_1454,deposit,2348.56,2025-08-05 21:46:20
tx_3918,pl_1463,deposit,2946.66,2025-04-01 21:46:20
tx_3919,pl_1255,withdraw,2371.07,2026-02-07 21:46:20
tx_3920,pl_1147,deposit,1813.21,2025-05-07 21:46:20
tx_3921,pl_1237,withdraw,46.01,2025-12-30 21:46:20
tx_3922,pl_1350,withdraw,2592.72,2026-01-08 21:46:20
tx_3923,pl_1302,withdraw,1515.82,2025-08-17 21:46:20
tx_3924,pl_1229,bet,1945.57,2025-03-30 21:46:20
tx_3925,pl_1094,withdraw,2771.31,2025-07-22 21:46:20
tx_3926,pl_1509,bet,1734.38,2025-07-23 21:46:20
tx_3927,pl_1485,withdraw,2327.08,2026-02-10 21:46:20
tx_3928,pl_1285,deposit,1328.17,2025-08-19 21:46:20
tx_3929,pl_1108,bet,983.46,2025-07-18 21:46:20
tx_3930,pl_1376,deposit,2771.23,2025-03-17 21:46:20
tx_3931,pl_1370,withdraw,1806.12,2025-07-23 21:46:20
tx_3932,pl_1390,withdraw,2161.77,2025-06-21 21:46:20
tx_3933,pl_1136,bet,1677.84,2025-08-03 21:46:20
tx_3934,pl_1208,bet,2105.98,2025-11-11 21:46:20
tx_3935,pl_1283,withdraw,2840.16,2025-04-28 21:46:20
tx_3936,pl_1528,deposit,350.07,2025-12-20 21:46:20
tx_3937,pl_1432,deposit,697.0,2025-07-28 21:46:20
tx_3938,pl_1305,bet,2801.85,2025-10-03 21:46:20
tx_3939,pl_1399,withdraw,2229.37,2026-02-24 21:46:20
tx_3940,pl_1224,deposit,712.28,2025-12-04 21:46:20
tx_3941,pl_1403,bet,347.27,2025-11-18 21:46:20
tx_3942,pl_1063,withdraw,2733.26,2025-05-24 21:46:20
tx_3943,pl_1259,withdraw,1228.08,2025-08-11 21:46:20
tx_3944,pl_1197,withdraw,715.06,2025-05-14 21:46:20
tx_3945,pl_1442,withdraw,711.52,2025-06-18 21:46:20
tx_3946,pl_1009,bet,499.01,2025-08-11 21:46:20
tx_3947,pl_1366,deposit,1901.0,2025-08-30 21:46:20
tx_3948,pl_1374,deposit,53.16,2025-12-02 21:46:20
tx_3949,pl_1549,withdraw,176.96,2026-01-27 21:46:20
tx_3950,pl_1061,deposit,694.94,2025-10-29 21:46:20
tx_3951,pl_1076,withdraw,1423.73,2025-05-09 21:46:20
tx_3952,pl_1416,bet,336.97,2025-10-31 21:46:20
tx_3953,pl_1490,bet,1956.24,2025-11-09 21:46:20
tx_3954,pl_1461,deposit,460.99,2025-03-14 21:46:20
tx_3955,pl_1160,bet,2648.58,2025-12-30 21:46:20
tx_3956,pl_1436,withdraw,2493.41,2025-07-10 21:46:20
tx_3957,pl_1107,bet,2031.31,2025-07-27 21:46:20
tx_3958,pl_1297,withdraw,1337.95,2025-12-24 21:46:20
tx_3959,pl_1532,bet,1399.56,2026-02-27 21:46:20
tx_3960,pl_1421,withdraw,1718.83,2025-08-15 21:46:20
tx_3961,pl_1072,deposit,29.27,2025-07-31 21:46:20
tx_3962,pl_1000,withdraw,974.7,2025-11-05 21:46:20
tx_3963,pl_1348,withdraw,2597.0,2025-09-09 21:46:20
tx_3964,pl_1429,bet,617.21,2026-02-18 21:46:20
tx_3965,pl_1587,deposit,1302.88,2025-10-14 21:46:20
tx_3966,pl_1090,deposit,1975.69,2025-11-27 21:46:20
tx_3967,pl_1225,withdraw,2097.97,2025-09-09 21:46:20
tx_3968,pl_1344,withdraw,350.34,2025-09-24 21:46:20
tx_3969,pl_1385,withdraw,2768.71,2025-08-30 21:46:20
tx_3970,pl_1128,bet,1717.72,2025-06-19 21:46:20
tx_3971,pl_1321,withdraw,2131.0,2025-11-26 21:46:20
tx_3972,pl_1495,withdraw,1183.16,2025-06-14 21:46:20
tx_3973,pl_1219,withdraw,2847.91,2025-10-19 21:46:20
tx_3974,pl_1218,bet,29.12,2025-12-12 21:46:20
tx_3975,pl_1302,withdraw,2030.27,2025-04-12 21:46:20
tx_3976,pl_1194,deposit,1150.62,2026-01-29 21:46:20
tx_3977,pl_1205,bet,2814.34,2025-07-15 21:46:20
tx_3978,pl_1250,withdraw,1653.58,2026-02-03 21:46:20
tx_3979,pl_1198,withdraw,1094.38,2026-02-04 21:46:20
tx_3980,pl_1556,deposit,1127.82,2026-01-09 21:46:20
tx_3981,pl_1593,bet,1726.56,2025-05-31 21:46:20
tx_3982,pl_1219,withdraw,595.62,2026-02-13 21:46:20
tx_3983,pl_1309,withdraw,1623.93,2025-05-21 21:46:20
tx_3984,pl_1013,deposit,2538.53,2025-12-17 21:46:20
tx_3985,pl_1447,deposit,2553.26,2025-09-29 21:46:20
tx_3986,pl_1589,bet,2644.49,2025-07-17 21:46:20
tx_3987,pl_1340,deposit,761.96,2025-03-16 21:46:20
tx_3988,pl_1579,withdraw,2516.43,2026-01-23 21:46:20
tx_3989,pl_1547,withdraw,697.39,2026-01-30 21:46:20
tx_3990,pl_1577,deposit,766.63,2025-09-08 21:46:20
tx_3991,pl_1282,withdraw,1982.84,2025-04-07 21:46:20
tx_3992,pl_1278,withdraw,1424.38,2026-01-17 21:46:20
tx_3993,pl_1141,withdraw,122.42,2025-11-14 21:46:20
tx_3994,pl_1013,bet,2436.37,2025-12-20 21:46:20
tx_3995,pl_1188,withdraw,569.61,2025-09-17 21:46:20
tx_3996,pl_1298,bet,1254.23,2025-10-30 21:46:20
tx_3997,pl_1320,bet,988.15,2025-04-14 21:46:20
tx_3998,pl_1489,withdraw,2561.36,2025-10-30 21:46:20
tx_3999,pl_1234,deposit,580.18,2025-05-29 21:46:20
tx_4000,pl_1152,withdraw,1965.59,2025-11-20 21:46:20
tx_4001,pl_1527,bet,457.26,2025-03-15 21:46:20
tx_4002,pl_1448,bet,2509.23,2025-11-03 21:46:20
tx_4003,pl_1135,withdraw,1615.8,2025-10-22 21:46:20
tx_4004,pl_1492,deposit,1944.63,2025-10-03 21:46:20
tx_4005,pl_1461,deposit,2828.54,2025-09-29 21:46:20
tx_4006,pl_1233,deposit,548.67,2025-05-19 21:46:20
tx_4007,pl_1494,deposit,1990.46,2025-05-08 21:46:20
tx_4008,pl_1393,withdraw,988.72,2025-08-29 21:46:20
tx_4009,pl_1561,bet,330.11,2025-06-23 21:46:20
tx_4010,pl_1148,withdraw,1792.51,2025-11-07 21:46:20
tx_4011,pl_1104,deposit,1119.68,2025-12-18 21:46:20
tx_4012,pl_1065,withdraw,2097.01,2025-05-17 21:46:20
tx_4013,pl_1526,bet,2144.88,2025-08-27 21:46:20
tx_4014,pl_1225,withdraw,2903.7,2025-10-03 21:46:20
tx_4015,pl_1130,withdraw,1938.15,2025-03-18 21:46:20
tx_4016,pl_1025,deposit,1379.82,2025-12-26 21:46:20
tx_4017,pl_1208,bet,1130.94,2025-11-14 21:46:20
tx_4018,pl_1300,withdraw,353.99,2025-07-28 21:46:20
tx_4019,pl_1467,deposit,1961.72,2025-08-07 21:46:20
tx_4020,pl_1361,withdraw,1537.98,2025-08-08 21:46:20
tx_4021,pl_1428,withdraw,2352.6,2025-05-22 21:46:20
tx_4022,pl_1306,bet,704.51,2025-05-24 21:46:20
tx_4023,pl_1258,withdraw,998.98,2025-09-21 21:46:20
tx_4024,pl_1259,bet,1935.52,2025-05-09 21:46:20
tx_4025,pl_1168,deposit,1566.86,2025-10-04 21:46:20
tx_4026,pl_1441,withdraw,2734.84,2025-03-30 21:46:20
tx_4027,pl_1076,bet,1603.18,2025-10-03 21:46:20
tx_4028,pl_1508,deposit,1393.99,2025-06-24 21:46:20
tx_4029,pl_1081,withdraw,1430.3,2025-10-27 21:46:20
tx_4030,pl_1368,deposit,1123.85,2026-02-13 21:46:20
tx_4031,pl_1111,bet,533.6,2025-09-23 21:46:20
tx_4032,pl_1438,deposit,2636.34,2025-08-18 21:46:20
tx_4033,pl_1398,bet,1245.44,2025-07-24 21:46:20
tx_4034,pl_1390,bet,1193.91,2025-07-20 21:46:20
tx_4035,pl_1388,bet,1674.93,2025-10-28 21:46:20
tx_4036,pl_1575,withdraw,1467.15,2025-03-12 21:46:20
tx_4037,pl_1243,bet,511.78,2025-12-08 21:46:20
tx_4038,pl_1253,withdraw,2409.48,2026-02-21 21:46:20
tx_4039,pl_1196,bet,1568.45,2025-06-23 21:46:20
tx_4040,pl_1406,withdraw,2888.44,2026-01-24 21:46:20
tx_4041,pl_1187,bet,2454.53,2025-10-16 21:46:20
tx_4042,pl_1012,withdraw,2016.54,2025-06-07 21:46:20
tx_4043,pl_1380,bet,2194.99,2025-10-22 21:46:20
tx_4044,pl_1552,bet,1750.55,2026-01-15 21:46:20
tx_4045,pl_1055,deposit,506.86,2025-12-10 21:46:20
tx_4046,pl_1372,deposit,1604.86,2025-05-16 21:46:20
tx_4047,pl_1220,bet,2694.91,2025-10-01 21:46:20
tx_4048,pl_1491,bet,1983.41,2025-05-18 21:46:20
tx_4049,pl_1343,withdraw,910.51,2025-07-20 21:46:20
tx_4050,pl_1106,deposit,2729.24,2025-09-17 21:46:20
tx_4051,pl_1267,deposit,2109.09,2026-01-09 21:46:20
tx_4052,pl_1341,bet,953.8,2025-10-01 21:46:20
tx_4053,pl_1199,bet,1147.93,2025-09-22 21:46:20
tx_4054,pl_1082,withdraw,1532.13,2025-09-05 21:46:20
tx_4055,pl_1072,deposit,747.72,2025-05-27 21:46:20
tx_4056,pl_1534,withdraw,843.45,2025-08-22 21:46:20
tx_4057,pl_1478,bet,20.67,2025-04-05 21:46:20
tx_4058,pl_1434,deposit,1320.81,2025-08-20 21:46:20
tx_4059,pl_1045,deposit,1256.27,2026-02-14 21:46:20
tx_4060,pl_1146,withdraw,2783.98,2025-07-16 21:46:20
tx_4061,pl_1571,bet,2906.77,2025-09-04 21:46:20
tx_4062,pl_1025,bet,1891.43,2025-05-10 21:46:20
tx_4063,pl_1327,deposit,2274.22,2025-09-15 21:46:20
tx_4064,pl_1122,bet,578.18,2025-10-05 21:46:20
tx_4065,pl_1353,bet,1658.7,2025-08-20 21:46:20
tx_4066,pl_1138,deposit,1975.32,2026-03-06 21:46:20
tx_4067,pl_1030,withdraw,858.47,2025-04-16 21:46:20
tx_4068,pl_1076,deposit,1528.68,2025-08-22 21:46:20
tx_4069,pl_1317,bet,1872.55,2025-12-28 21:46:20
tx_4070,pl_1470,bet,1547.68,2025-03-13 21:46:20
tx_4071,pl_1114,withdraw,85.75,2025-10-12 21:46:20
tx_4072,pl_1317,withdraw,843.36,2025-12-17 21:46:20
tx_4073,pl_1337,bet,2580.16,2025-07-18 21:46:20
tx_4074,pl_1259,bet,1404.13,2025-08-10 21:46:20
tx_4075,pl_1581,deposit,1000.34,2025-03-31 21:46:20
tx_4076,pl_1278,deposit,1689.15,2025-11-29 21:46:20
tx_4077,pl_1228,deposit,318.46,2026-01-15 21:46:20
tx_4078,pl_1312,bet,940.41,2025-08-19 21:46:20
tx_4079,pl_1504,withdraw,2695.26,2025-08-12 21:46:20
tx_4080,pl_1402,withdraw,2457.13,2025-03-18 21:46:20
tx_4081,pl_1459,deposit,2018.47,2026-03-07 21:46:20
tx_4082,pl_1153,deposit,1412.8,2025-08-02 21:46:20
tx_4083,pl_1195,withdraw,1962.46,2026-02-18 21:46:20
tx_4084,pl_1253,deposit,2835.61,2025-12-25 21:46:20
tx_4085,pl_1443,withdraw,1360.96,2025-03-22 21:46:20
tx_4086,pl_1447,deposit,69.45,2025-12-20 21:46:20
tx_4087,pl_1289,deposit,1838.87,2025-06-16 21:46:20
tx_4088,pl_1564,deposit,2541.18,2026-02-18 21:46:20
tx_4089,pl_1544,withdraw,250.04,2026-02-25 21:46:20
tx_4090,pl_1280,withdraw,1417.76,2026-02-24 21:46:20
tx_4091,pl_1269,deposit,1724.5,2026-02-05 21:46:20
tx_4092,pl_1387,deposit,2672.05,2025-05-15 21:46:20
tx_4093,pl_1467,withdraw,2063.26,2025-10-27 21:46:20
tx_4094,pl_1333,deposit,700.2,2025-11-21 21:46:20
tx_4095,pl_1174,deposit,2851.1,2025-11-13 21:46:20
tx_4096,pl_1140,withdraw,2067.15,2025-08-07 21:46:20
tx_4097,pl_1030,bet,2416.78,2025-06-22 21:46:20
tx_4098,pl_1425,withdraw,1425.03,2025-05-14 21:46:20
tx_4099,pl_1198,withdraw,1161.49,2026-01-27 21:46:20
tx_4100,pl_1532,withdraw,1591.39,2026-01-05 21:46:20
tx_4101,pl_1543,withdraw,2975.88,2026-01-04 21:46:20
tx_4102,pl_1207,deposit,1257.64,2025-11-20 21:46:20
tx_4103,pl_1553,deposit,561.87,2025-11-10 21:46:20
tx_4104,pl_1420,deposit,2954.39,2025-04-15 21:46:20
tx_4105,pl_1005,deposit,1730.37,2025-03-26 21:46:20
tx_4106,pl_1075,deposit,1265.73,2026-01-06 21:46:20
tx_4107,pl_1506,bet,2948.17,2025-05-21 21:46:20
tx_4108,pl_1223,bet,2728.16,2025-08-20 21:46:20
tx_4109,pl_1489,bet,2499.3,2025-04-21 21:46:20
tx_4110,pl_1283,bet,1360.8,2025-04-26 21:46:20
tx_4111,pl_1049,deposit,288.97,2025-04-13 21:46:20
tx_4112,pl_1093,deposit,1651.41,2025-09-14 21:46:20
tx_4113,pl_1583,withdraw,1489.81,2025-10-08 21:46:20
tx_4114,pl_1342,deposit,2984.16,2025-07-21 21:46:20
tx_4115,pl_1085,bet,1357.29,2025-04-15 21:46:20
tx_4116,pl_1574,deposit,1820.28,2026-02-15 21:46:20
tx_4117,pl_1206,deposit,266.39,2026-01-04 21:46:20
tx_4118,pl_1546,deposit,1316.57,2025-05-02 21:46:20
tx_4119,pl_1283,deposit,157.08,2025-11-13 21:46:20
tx_4120,pl_1400,bet,1785.63,2025-11-24 21:46:20
tx_4121,pl_1036,bet,1298.05,2025-07-10 21:46:20
tx_4122,pl_1060,deposit,2140.89,2025-11-27 21:46:20
tx_4123,pl_1120,deposit,448.3,2025-09-19 21:46:20
tx_4124,pl_1547,bet,343.6,2025-10-12 21:46:20
tx_4125,pl_1235,bet,2006.05,2025-10-02 21:46:20
tx_4126,pl_1305,bet,2613.12,2025-04-05 21:46:20
tx_4127,pl_1285,withdraw,71.61,2025-04-23 21:46:20
tx_4128,pl_1290,bet,447.95,2025-08-12 21:46:20
tx_4129,pl_1065,bet,273.57,2025-10-22 21:46:20
tx_4130,pl_1415,deposit,2465.61,2025-04-27 21:46:20
tx_4131,pl_1172,deposit,1220.9,2026-02-22 21:46:20
tx_4132,pl_1083,deposit,1421.93,2026-01-17 21:46:20
tx_4133,pl_1363,withdraw,2213.21,2025-11-02 21:46:20
tx_4134,pl_1059,bet,2716.54,2025-08-17 21:46:20
tx_4135,pl_1436,withdraw,2928.6,2025-03-20 21:46:20
tx_4136,pl_1364,withdraw,1008.64,2025-05-30 21:46:20
tx_4137,pl_1158,bet,1937.86,2026-01-28 21:46:20
tx_4138,pl_1223,withdraw,2024.83,2025-03-17 21:46:20
tx_4139,pl_1540,withdraw,1823.2,2025-10-13 21:46:20
tx_4140,pl_1362,deposit,249.93,2026-02-28 21:46:20
tx_4141,pl_1350,deposit,2445.33,2026-02-04 21:46:20
tx_4142,pl_1386,withdraw,1643.36,2025-09-08 21:46:20
tx_4143,pl_1362,withdraw,792.84,2025-12-08 21:46:20
tx_4144,pl_1036,withdraw,2749.76,2025-05-05 21:46:20
tx_4145,pl_1151,withdraw,2552.47,2025-07-08 21:46:20
tx_4146,pl_1166,withdraw,2054.06,2025-12-16 21:46:20
tx_4147,pl_1198,bet,1712.29,2025-09-27 21:46:20
tx_4148,pl_1580,bet,1808.6,2025-12-04 21:46:20
tx_4149,pl_1159,deposit,517.48,2025-09-08 21:46:20
tx_4150,pl_1113,deposit,2558.91,2025-06-03 21:46:20
tx_4151,pl_1078,bet,2991.22,2026-02-11 21:46:20
tx_4152,pl_1438,deposit,1264.07,2025-07-12 21:46:20
tx_4153,pl_1404,withdraw,301.3,2025-12-11 21:46:20
tx_4154,pl_1257,withdraw,2506.04,2026-01-19 21:46:20
tx_4155,pl_1398,bet,1705.22,2025-12-31 21:46:20
tx_4156,pl_1221,withdraw,2975.39,2025-10-18 21:46:20
tx_4157,pl_1037,deposit,212.36,2025-08-01 21:46:20
tx_4158,pl_1088,withdraw,2322.69,2025-03-31 21:46:20
tx_4159,pl_1168,bet,1726.44,2025-03-12 21:46:20
tx_4160,pl_1582,deposit,2843.41,2025-07-04 21:46:20
tx_4161,pl_1211,withdraw,1169.24,2025-08-06 21:46:20
tx_4162,pl_1163,bet,2638.32,2025-04-02 21:46:20
tx_4163,pl_1136,withdraw,1601.84,2025-07-19 21:46:20
tx_4164,pl_1066,deposit,1829.76,2025-04-30 21:46:20
tx_4165,pl_1218,deposit,2721.66,2025-08-01 21:46:20
tx_4166,pl_1519,withdraw,2906.01,2026-01-25 21:46:20
tx_4167,pl_1467,deposit,2229.74,2025-12-06 21:46:20
tx_4168,pl_1295,deposit,2002.74,2025-08-10 21:46:20
tx_4169,pl_1146,deposit,2875.5,2025-06-21 21:46:20
tx_4170,pl_1094,deposit,2551.35,2026-01-22 21:46:20
tx_4171,pl_1034,withdraw,337.19,2025-10-30 21:46:20
tx_4172,pl_1561,withdraw,521.69,2025-07-09 21:46:20
tx_4173,pl_1153,withdraw,2751.47,2025-11-13 21:46:20
tx_4174,pl_1412,withdraw,1066.71,2026-02-11 21:46:20
tx_4175,pl_1497,deposit,2111.13,2026-01-31 21:46:20
tx_4176,pl_1499,bet,1850.93,2026-01-29 21:46:20
tx_4177,pl_1101,bet,2068.48,2025-12-22 21:46:20
tx_4178,pl_1339,bet,1628.39,2025-10-27 21:46:20
tx_4179,pl_1049,bet,440.62,2025-05-02 21:46:20
tx_4180,pl_1561,deposit,1345.19,2025-05-09 21:46:20
tx_4181,pl_1137,bet,1944.76,2026-01-09 21:46:20
tx_4182,pl_1533,bet,235.2,2025-03-16 21:46:20
tx_4183,pl_1188,deposit,2552.83,2025-08-05 21:46:20
tx_4184,pl_1223,withdraw,885.06,2025-12-27 21:46:20
tx_4185,pl_1377,withdraw,1865.72,2025-06-08 21:46:20
tx_4186,pl_1500,withdraw,2157.06,2025-12-06 21:46:20
tx_4187,pl_1090,deposit,1310.76,2025-10-26 21:46:20
tx_4188,pl_1041,bet,184.38,2025-04-25 21:46:20
tx_4189,pl_1064,withdraw,2219.5,2025-10-17 21:46:20
tx_4190,pl_1390,bet,1126.24,2025-11-04 21:46:20
tx_4191,pl_1575,bet,1099.69,2025-11-23 21:46:20
tx_4192,pl_1158,withdraw,932.27,2025-04-05 21:46:20
tx_4193,pl_1528,bet,1535.97,2025-06-04 21:46:20
tx_4194,pl_1046,deposit,2713.8,2025-06-04 21:46:20
tx_4195,pl_1202,bet,1667.54,2025-04-03 21:46:20
tx_4196,pl_1338,deposit,2264.4,2025-05-08 21:46:20
tx_4197,pl_1196,withdraw,2241.65,2025-12-25 21:46:20
tx_4198,pl_1427,bet,1693.68,2025-10-31 21:46:20
tx_4199,pl_1327,deposit,1558.82,2025-04-27 21:46:20
tx_4200,pl_1241,bet,517.79,2025-12-18 21:46:20
tx_4201,pl_1086,deposit,822.85,2025-11-08 21:46:20
tx_4202,pl_1545,bet,2416.9,2025-11-19 21:46:20
tx_4203,pl_1444,bet,443.93,2025-12-11 21:46:20
tx_4204,pl_1300,withdraw,73.51,2025-09-06 21:46:20
tx_4205,pl_1511,withdraw,435.93,2025-10-25 21:46:20
tx_4206,pl_1279,deposit,1277.84,2025-05-29 21:46:20
tx_4207,pl_1099,deposit,1711.04,2025-09-08 21:46:20
tx_4208,pl_1505,deposit,2850.02,2025-08-24 21:46:20
tx_4209,pl_1143,bet,1342.21,2025-05-20 21:46:20
tx_4210,pl_1093,deposit,2716.04,2025-04-12 21:46:20
tx_4211,pl_1163,withdraw,1818.17,2025-10-31 21:46:20
tx_4212,pl_1002,withdraw,68.13,2025-09-12 21:46:20
tx_4213,pl_1155,deposit,306.82,2025-10-19 21:46:20
tx_4214,pl_1164,bet,438.69,2025-03-29 21:46:20
tx_4215,pl_1562,deposit,238.63,2025-08-20 21:46:20
tx_4216,pl_1172,withdraw,313.35,2025-10-10 21:46:20
tx_4217,pl_1065,bet,2347.26,2025-04-16 21:46:20
tx_4218,pl_1481,withdraw,2541.82,2025-08-01 21:46:20
tx_4219,pl_1293,deposit,2352.5,2026-02-16 21:46:20
tx_4220,pl_1475,bet,1833.73,2025-06-04 21:46:20
tx_4221,pl_1382,bet,2229.83,2025-11-08 21:46:20
tx_4222,pl_1092,withdraw,1384.18,2025-11-12 21:46:20
tx_4223,pl_1368,withdraw,241.42,2026-01-30 21:46:20
tx_4224,pl_1238,bet,236.67,2026-02-10 21:46:20
tx_4225,pl_1038,deposit,1015.27,2025-03-17 21:46:20
tx_4226,pl_1169,bet,1167.07,2026-02-18 21:46:20
tx_4227,pl_1060,bet,2428.1,2025-06-08 21:46:20
tx_4228,pl_1319,deposit,2986.57,2025-11-01 21:46:20
tx_4229,pl_1122,deposit,1087.44,2025-05-11 21:46:20
tx_4230,pl_1321,deposit,2026.29,2025-09-22 21:46:20
tx_4231,pl_1542,deposit,792.95,2025-12-02 21:46:20
tx_4232,pl_1089,deposit,964.99,2025-10-14 21:46:20
tx_4233,pl_1452,withdraw,2478.87,2025-10-11 21:46:20
tx_4234,pl_1457,withdraw,207.91,2025-05-26 21:46:20
tx_4235,pl_1444,withdraw,1365.01,2025-10-08 21:46:20
tx_4236,pl_1472,bet,1418.59,2026-01-16 21:46:20
tx_4237,pl_1353,bet,813.63,2025-08-08 21:46:20
tx_4238,pl_1239,withdraw,1130.87,2026-02-17 21:46:20
tx_4239,pl_1154,deposit,2835.65,2025-03-17 21:46:20
tx_4240,pl_1363,bet,1476.09,2025-04-16 21:46:20
tx_4241,pl_1100,deposit,2054.03,2026-01-27 21:46:20
tx_4242,pl_1453,withdraw,2807.52,2025-12-28 21:46:20
tx_4243,pl_1299,bet,1266.49,2026-02-17 21:46:20
tx_4244,pl_1163,withdraw,1987.95,2025-06-15 21:46:20
tx_4245,pl_1386,deposit,215.71,2025-11-27 21:46:20
tx_4246,pl_1415,withdraw,2758.32,2025-11-30 21:46:20
tx_4247,pl_1045,withdraw,408.64,2026-03-10 21:46:20
tx_4248,pl_1307,deposit,412.38,2025-09-09 21:46:20
tx_4249,pl_1257,bet,2095.99,2026-01-01 21:46:20
tx_4250,pl_1057,withdraw,1824.38,2025-06-02 21:46:20
tx_4251,pl_1394,deposit,1663.94,2025-05-25 21:46:20
tx_4252,pl_1021,bet,2928.03,2025-04-30 21:46:20
tx_4253,pl_1192,deposit,550.39,2026-03-08 21:46:20
tx_4254,pl_1103,deposit,173.05,2025-06-13 21:46:20
tx_4255,pl_1204,deposit,2640.87,2025-07-13 21:46:20
tx_4256,pl_1421,withdraw,349.55,2025-09-16 21:46:20
tx_4257,pl_1151,bet,836.87,2025-07-16 21:46:20
tx_4258,pl_1400,withdraw,2641.59,2026-03-01 21:46:20
tx_4259,pl_1444,deposit,1481.2,2025-05-14 21:46:20
tx_4260,pl_1402,deposit,1892.4,2025-07-03 21:46:20
tx_4261,pl_1459,bet,410.87,2026-02-14 21:46:20
tx_4262,pl_1310,bet,1268.96,2026-01-30 21:46:20
tx_4263,pl_1236,bet,943.61,2025-06-13 21:46:20
tx_4264,pl_1198,deposit,117.42,2025-07-26 21:46:20
tx_4265,pl_1494,deposit,1632.1,2025-10-08 21:46:20
tx_4266,pl_1302,bet,1013.51,2025-10-06 21:46:20
tx_4267,pl_1368,bet,618.0,2025-07-24 21:46:20
tx_4268,pl_1126,withdraw,1487.81,2026-01-19 21:46:20
tx_4269,pl_1262,deposit,1823.19,2026-02-27 21:46:20
tx_4270,pl_1088,withdraw,502.34,2026-02-23 21:46:20
tx_4271,pl_1042,withdraw,1006.32,2025-05-07 21:46:20
tx_4272,pl_1530,deposit,2698.6,2025-05-04 21:46:20
tx_4273,pl_1502,deposit,2746.47,2026-02-12 21:46:20
tx_4274,pl_1344,withdraw,2029.18,2026-01-22 21:46:20
tx_4275,pl_1368,withdraw,2713.82,2025-07-07 21:46:20
tx_4276,pl_1451,withdraw,1949.06,2025-06-27 21:46:20
tx_4277,pl_1328,deposit,487.08,2025-05-28 21:46:20
tx_4278,pl_1517,bet,884.69,2026-01-08 21:46:20
tx_4279,pl_1186,deposit,2779.3,2025-04-16 21:46:20
tx_4280,pl_1299,deposit,362.17,2025-03-21 21:46:20
tx_4281,pl_1383,bet,1520.74,2025-03-30 21:46:20
tx_4282,pl_1504,bet,2161.6,2026-02-24 21:46:20
tx_4283,pl_1575,withdraw,980.65,2025-06-01 21:46:20
tx_4284,pl_1476,withdraw,30.14,2025-11-02 21:46:20
tx_4285,pl_1027,bet,1705.16,2026-03-04 21:46:20
tx_4286,pl_1574,bet,1341.95,2025-08-16 21:46:20
tx_4287,pl_1101,deposit,2166.16,2025-06-14 21:46:20
tx_4288,pl_1517,withdraw,730.73,2025-11-15 21:46:20
tx_4289,pl_1028,withdraw,1059.24,2025-09-17 21:46:20
tx_4290,pl_1154,bet,1859.94,2025-05-29 21:46:20
tx_4291,pl_1251,withdraw,488.17,2025-09-18 21:46:20
tx_4292,pl_1582,bet,1981.22,2025-06-26 21:46:20
tx_4293,pl_1395,deposit,1120.16,2025-04-02 21:46:20
tx_4294,pl_1294,bet,1473.73,2025-04-26 21:46:20
tx_4295,pl_1092,deposit,2790.57,2025-06-23 21:46:20
tx_4296,pl_1537,bet,401.37,2025-08-03 21:46:20
tx_4297,pl_1518,bet,1523.41,2025-04-28 21:46:20
tx_4298,pl_1339,withdraw,1471.74,2026-01-28 21:46:20
tx_4299,pl_1205,withdraw,1260.5,2026-01-03 21:46:20
tx_4300,pl_1338,bet,106.7,2025-07-13 21:46:20
tx_4301,pl_1442,deposit,1638.09,2025-07-10 21:46:20
tx_4302,pl_1460,withdraw,480.14,2025-11-16 21:46:20
tx_4303,pl_1546,deposit,794.37,2025-08-11 21:46:20
tx_4304,pl_1184,bet,756.41,2025-03-11 21:46:20
tx_4305,pl_1527,withdraw,1734.22,2025-07-24 21:46:20
tx_4306,pl_1147,bet,2267.1,2025-12-21 21:46:20
tx_4307,pl_1468,deposit,1997.98,2025-06-13 21:46:20
tx_4308,pl_1578,bet,149.34,2026-03-04 21:46:20
tx_4309,pl_1143,bet,1693.46,2025-11-24 21:46:20
tx_4310,pl_1358,bet,574.75,2026-02-08 21:46:20
tx_4311,pl_1070,bet,2656.1,2025-09-28 21:46:20
tx_4312,pl_1052,withdraw,111.78,2025-12-10 21:46:20
tx_4313,pl_1226,withdraw,1322.74,2025-09-08 21:46:20
tx_4314,pl_1121,withdraw,2145.38,2025-04-19 21:46:20
tx_4315,pl_1394,withdraw,2651.39,2026-02-07 21:46:20
tx_4316,pl_1093,bet,1997.14,2025-09-06 21:46:20
tx_4317,pl_1104,withdraw,1321.38,2025-04-05 21:46:20
tx_4318,pl_1377,bet,1029.07,2025-07-14 21:46:20
tx_4319,pl_1580,bet,2664.69,2025-05-01 21:46:20
tx_4320,pl_1241,deposit,1269.07,2025-06-01 21:46:20
tx_4321,pl_1448,withdraw,943.05,2025-06-08 21:46:20
tx_4322,pl_1458,deposit,2687.45,2025-05-30 21:46:20
tx_4323,pl_1133,deposit,1037.02,2025-10-05 21:46:20
tx_4324,pl_1104,deposit,2672.75,2025-03-15 21:46:20
tx_4325,pl_1188,bet,2502.78,2026-02-13 21:46:20
tx_4326,pl_1270,withdraw,74.79,2025-10-14 21:46:20
tx_4327,pl_1053,deposit,1660.74,2025-12-10 21:46:20
tx_4328,pl_1289,bet,1628.84,2025-07-31 21:46:20
tx_4329,pl_1299,withdraw,1201.58,2025-12-31 21:46:20
tx_4330,pl_1307,deposit,989.88,2025-03-31 21:46:20
tx_4331,pl_1000,deposit,587.04,2025-09-25 21:46:20
tx_4332,pl_1007,bet,2939.96,2025-08-03 21:46:20
tx_4333,pl_1240,withdraw,2173.68,2025-05-07 21:46:20
tx_4334,pl_1091,withdraw,1555.51,2025-03-31 21:46:20
tx_4335,pl_1361,withdraw,89.1,2026-02-04 21:46:20
tx_4336,pl_1079,deposit,2533.6,2025-03-25 21:46:20
tx_4337,pl_1209,bet,256.54,2025-03-18 21:46:20
tx_4338,pl_1310,deposit,2170.76,2026-02-27 21:46:20
tx_4339,pl_1408,deposit,1598.38,2025-05-06 21:46:20
tx_4340,pl_1438,withdraw,1514.05,2025-06-01 21:46:20
tx_4341,pl_1065,bet,1663.89,2025-10-06 21:46:20
tx_4342,pl_1537,deposit,1400.29,2026-01-03 21:46:20
tx_4343,pl_1539,deposit,998.15,2025-10-05 21:46:20
tx_4344,pl_1370,deposit,2010.03,2025-04-12 21:46:20
tx_4345,pl_1519,withdraw,211.57,2025-09-21 21:46:20
tx_4346,pl_1299,bet,434.73,2025-12-29 21:46:20
tx_4347,pl_1256,bet,829.99,2025-11-04 21:46:20
tx_4348,pl_1013,withdraw,2339.83,2025-11-16 21:46:20
tx_4349,pl_1465,deposit,55.28,2026-03-07 21:46:20
tx_4350,pl_1197,withdraw,1063.26,2025-10-31 21:46:20
tx_4351,pl_1571,deposit,226.99,2025-08-23 21:46:20
tx_4352,pl_1088,deposit,2759.79,2025-10-30 21:46:20
tx_4353,pl_1346,withdraw,454.45,2025-05-11 21:46:20
tx_4354,pl_1032,bet,17.37,2025-11-05 21:46:20
tx_4355,pl_1492,deposit,976.53,2025-06-25 21:46:20
tx_4356,pl_1365,deposit,2161.36,2025-07-02 21:46:20
tx_4357,pl_1099,bet,2421.4,2025-06-17 21:46:20
tx_4358,pl_1113,deposit,659.98,2025-11-23 21:46:20
tx_4359,pl_1131,withdraw,2161.43,2025-06-19 21:46:20
tx_4360,pl_1272,bet,989.32,2025-03-12 21:46:20
tx_4361,pl_1093,withdraw,1938.41,2026-01-09 21:46:20
tx_4362,pl_1508,deposit,454.51,2025-07-29 21:46:20
tx_4363,pl_1540,deposit,936.08,2025-10-24 21:46:20
tx_4364,pl_1049,bet,924.07,2025-08-04 21:46:20
tx_4365,pl_1462,deposit,357.25,2025-12-16 21:46:20
tx_4366,pl_1088,deposit,1280.9,2025-11-06 21:46:20
tx_4367,pl_1299,deposit,2064.02,2026-02-05 21:46:20
tx_4368,pl_1130,deposit,2161.29,2025-12-16 21:46:20
tx_4369,pl_1547,deposit,1439.26,2025-04-25 21:46:20
tx_4370,pl_1524,deposit,587.31,2025-09-10 21:46:20
tx_4371,pl_1019,deposit,2538.53,2025-09-06 21:46:20
tx_4372,pl_1431,bet,1574.33,2025-05-08 21:46:20
tx_4373,pl_1268,withdraw,2122.05,2025-12-09 21:46:20
tx_4374,pl_1056,withdraw,1726.22,2025-07-31 21:46:20
tx_4375,pl_1542,deposit,1031.06,2026-03-07 21:46:20
tx_4376,pl_1034,withdraw,308.08,2025-09-03 21:46:20
tx_4377,pl_1510,bet,1491.33,2025-04-08 21:46:20
tx_4378,pl_1155,deposit,2961.34,2025-08-02 21:46:20
tx_4379,pl_1088,deposit,2568.5,2025-10-29 21:46:20
tx_4380,pl_1132,deposit,1750.42,2025-12-21 21:46:20
tx_4381,pl_1086,withdraw,646.76,2025-10-01 21:46:20
tx_4382,pl_1599,withdraw,32.5,2025-09-26 21:46:20
tx_4383,pl_1587,bet,2656.83,2025-09-06 21:46:20
tx_4384,pl_1273,deposit,1005.1,2025-11-29 21:46:20
tx_4385,pl_1523,withdraw,2009.41,2025-06-06 21:46:20
tx_4386,pl_1068,bet,2868.1,2025-03-20 21:46:20
tx_4387,pl_1515,bet,1833.68,2025-04-13 21:46:20
tx_4388,pl_1075,deposit,2103.69,2025-04-14 21:46:20
tx_4389,pl_1023,bet,2341.44,2026-02-13 21:46:20
tx_4390,pl_1348,bet,1627.57,2025-09-23 21:46:20
tx_4391,pl_1440,deposit,62.56,2025-06-18 21:46:20
tx_4392,pl_1231,bet,2903.41,2025-10-16 21:46:20
tx_4393,pl_1378,withdraw,1469.48,2025-09-30 21:46:20
tx_4394,pl_1012,deposit,1733.09,2026-01-01 21:46:20
tx_4395,pl_1221,bet,697.42,2025-08-06 21:46:20
tx_4396,pl_1098,withdraw,318.9,2025-06-13 21:46:20
tx_4397,pl_1033,bet,54.78,2025-09-01 21:46:20
tx_4398,pl_1214,withdraw,74.34,2025-11-14 21:46:20
tx_4399,pl_1129,withdraw,1607.49,2025-03-12 21:46:20
tx_4400,pl_1174,withdraw,562.77,2026-03-06 21:46:20
tx_4401,pl_1514,withdraw,1539.32,2026-02-17 21:46:20
tx_4402,pl_1496,deposit,1932.51,2026-01-26 21:46:20
tx_4403,pl_1120,withdraw,1565.1,2025-10-08 21:46:20
tx_4404,pl_1140,withdraw,2876.5,2025-04-15 21:46:20
tx_4405,pl_1240,withdraw,2156.51,2025-06-01 21:46:20
tx_4406,pl_1460,withdraw,886.61,2025-05-14 21:46:20
tx_4407,pl_1185,bet,2013.59,2025-08-09 21:46:20
tx_4408,pl_1045,withdraw,1276.48,2025-12-07 21:46:20
tx_4409,pl_1221,withdraw,1280.5,2025-03-21 21:46:20
tx_4410,pl_1562,withdraw,361.39,2025-09-26 21:46:20
tx_4411,pl_1302,deposit,2865.56,2025-07-03 21:46:20
tx_4412,pl_1190,withdraw,2033.78,2025-12-30 21:46:20
tx_4413,pl_1146,deposit,1519.0,2025-07-05 21:46:20
tx_4414,pl_1557,deposit,1716.3,2026-02-25 21:46:20
tx_4415,pl_1211,deposit,640.29,2025-07-31 21:46:20
tx_4416,pl_1153,deposit,1517.14,2025-10-14 21:46:20
tx_4417,pl_1563,deposit,1644.77,2025-11-12 21:46:20
tx_4418,pl_1567,deposit,2940.34,2025-08-15 21:46:20
tx_4419,pl_1429,bet,2852.9,2025-03-11 21:46:20
tx_4420,pl_1102,withdraw,36.62,2025-11-24 21:46:20
tx_4421,pl_1087,withdraw,1561.97,2025-12-28 21:46:20
tx_4422,pl_1211,deposit,1592.93,2025-07-24 21:46:20
tx_4423,pl_1197,deposit,2285.3,2026-01-02 21:46:20
tx_4424,pl_1189,deposit,1160.59,2025-04-04 21:46:20
tx_4425,pl_1465,withdraw,885.03,2026-01-29 21:46:20
tx_4426,pl_1170,withdraw,347.45,2026-01-07 21:46:20
tx_4427,pl_1595,deposit,744.46,2025-03-16 21:46:20
tx_4428,pl_1080,deposit,441.5,2025-06-19 21:46:20
tx_4429,pl_1053,deposit,2073.27,2026-03-08 21:46:20
tx_4430,pl_1034,deposit,1301.07,2025-11-09 21:46:20
tx_4431,pl_1455,deposit,2882.53,2026-01-20 21:46:20
tx_4432,pl_1522,bet,708.56,2025-03-28 21:46:20
tx_4433,pl_1268,deposit,1870.36,2025-09-19 21:46:20
tx_4434,pl_1576,withdraw,1137.31,2025-08-12 21:46:20
tx_4435,pl_1467,bet,2892.61,2025-11-14 21:46:20
tx_4436,pl_1088,withdraw,1106.71,2025-09-02 21:46:20
tx_4437,pl_1123,deposit,412.44,2025-06-10 21:46:20
tx_4438,pl_1265,deposit,286.65,2025-08-07 21:46:20
tx_4439,pl_1201,deposit,2765.25,2025-05-08 21:46:20
tx_4440,pl_1395,bet,407.94,2025-09-05 21:46:20
tx_4441,pl_1085,withdraw,1304.17,2025-03-25 21:46:20
tx_4442,pl_1590,withdraw,2823.67,2025-04-07 21:46:20
tx_4443,pl_1141,deposit,661.79,2025-11-04 21:46:20
tx_4444,pl_1592,withdraw,736.88,2025-10-10 21:46:20
tx_4445,pl_1513,withdraw,1445.42,2025-03-12 21:46:20
tx_4446,pl_1475,withdraw,643.23,2025-10-13 21:46:20
tx_4447,pl_1276,deposit,1146.7,2025-09-15 21:46:20
tx_4448,pl_1275,withdraw,2859.2,2025-04-26 21:46:20
tx_4449,pl_1381,withdraw,1959.38,2025-10-06 21:46:20
tx_4450,pl_1589,withdraw,1360.21,2025-08-14 21:46:20
tx_4451,pl_1136,bet,2857.12,2025-04-18 21:46:20
tx_4452,pl_1496,withdraw,2434.54,2025-11-19 21:46:20
tx_4453,pl_1364,deposit,2006.8,2026-03-06 21:46:20
tx_4454,pl_1382,bet,331.28,2025-05-27 21:46:20
tx_4455,pl_1295,bet,2309.91,2025-03-16 21:46:20
tx_4456,pl_1572,deposit,2888.22,2025-12-30 21:46:20
tx_4457,pl_1423,bet,1826.46,2026-02-15 21:46:20
tx_4458,pl_1212,bet,705.81,2025-11-20 21:46:20
tx_4459,pl_1078,withdraw,2352.68,2025-10-31 21:46:20
tx_4460,pl_1568,withdraw,2265.99,2026-02-17 21:46:20
tx_4461,pl_1116,deposit,403.39,2025-03-31 21:46:20
tx_4462,pl_1568,withdraw,120.4,2025-11-05 21:46:20
tx_4463,pl_1500,withdraw,1037.57,2025-06-11 21:46:20
tx_4464,pl_1479,deposit,1046.87,2026-01-15 21:46:20
tx_4465,pl_1461,bet,2175.0,2025-05-20 21:46:20
tx_4466,pl_1540,deposit,1380.43,2026-02-05 21:46:20
tx_4467,pl_1529,withdraw,1811.5,2025-10-14 21:46:20
tx_4468,pl_1087,deposit,1311.5,2025-03-31 21:46:20
tx_4469,pl_1000,withdraw,134.55,2026-01-03 21:46:20
tx_4470,pl_1042,deposit,2874.05,2025-08-27 21:46:20
tx_4471,pl_1438,deposit,794.45,2025-12-28 21:46:20
tx_4472,pl_1062,withdraw,827.2,2025-06-01 21:46:20
tx_4473,pl_1416,withdraw,2576.5,2025-06-10 21:46:20
tx_4474,pl_1467,withdraw,2200.57,2025-09-18 21:46:20
tx_4475,pl_1481,withdraw,1334.45,2025-08-07 21:46:20
tx_4476,pl_1021,bet,2404.15,2025-08-05 21:46:20
tx_4477,pl_1325,withdraw,966.22,2025-08-16 21:46:20
tx_4478,pl_1002,bet,1878.5,2025-12-27 21:46:20
tx_4479,pl_1101,deposit,665.83,2025-05-24 21:46:20
tx_4480,pl_1127,withdraw,1738.17,2025-03-19 21:46:20
tx_4481,pl_1184,bet,759.71,2025-06-29 21:46:20
tx_4482,pl_1362,deposit,2486.52,2025-09-09 21:46:20
tx_4483,pl_1493,deposit,1829.9,2025-10-08 21:46:20
tx_4484,pl_1509,bet,185.63,2025-10-13 21:46:20
tx_4485,pl_1122,bet,734.84,2025-10-02 21:46:20
tx_4486,pl_1181,withdraw,2456.6,2025-12-04 21:46:20
tx_4487,pl_1503,deposit,2601.65,2025-06-03 21:46:20
tx_4488,pl_1082,deposit,813.21,2025-09-05 21:46:20
tx_4489,pl_1194,bet,2296.7,2025-08-19 21:46:20
tx_4490,pl_1049,deposit,2461.23,2025-12-22 21:46:20
tx_4491,pl_1405,withdraw,326.23,2025-05-19 21:46:20
tx_4492,pl_1039,withdraw,1958.46,2026-01-09 21:46:20
tx_4493,pl_1465,withdraw,1793.83,2025-08-25 21:46:20
tx_4494,pl_1589,deposit,430.11,2025-12-14 21:46:20
tx_4495,pl_1245,withdraw,1136.02,2025-04-22 21:46:20
tx_4496,pl_1012,bet,2235.43,2025-12-17 21:46:20
tx_4497,pl_1001,deposit,778.87,2025-07-08 21:46:20
tx_4498,pl_1221,withdraw,201.69,2025-07-17 21:46:20
tx_4499,pl_1525,deposit,2177.37,2025-09-07 21:46:20
tx_4500,pl_1136,bet,558.2,2026-01-07 21:46:20
tx_4501,pl_1148,bet,2263.26,2025-11-23 21:46:20
tx_4502,pl_1469,deposit,2837.85,2025-12-28 21:46:20
tx_4503,pl_1422,bet,2096.1,2025-05-18 21:46:20
tx_4504,pl_1193,withdraw,1397.61,2025-03-28 21:46:20
tx_4505,pl_1478,deposit,1953.94,2025-11-12 21:46:20
tx_4506,pl_1567,deposit,2710.2,2026-02-18 21:46:20
tx_4507,pl_1336,deposit,1303.89,2025-11-30 21:46:20
tx_4508,pl_1271,bet,299.5,2026-02-14 21:46:20
tx_4509,pl_1429,withdraw,1924.18,2025-06-01 21:46:20
tx_4510,pl_1376,bet,744.78,2025-10-11 21:46:20
tx_4511,pl_1348,deposit,2759.01,2025-12-17 21:46:20
tx_4512,pl_1154,deposit,2622.7,2026-02-12 21:46:20
tx_4513,pl_1394,withdraw,2763.4,2025-08-14 21:46:20
tx_4514,pl_1490,deposit,1866.15,2025-04-19 21:46:20
tx_4515,pl_1523,deposit,277.32,2025-03-20 21:46:20
tx_4516,pl_1248,withdraw,2297.05,2025-07-20 21:46:20
tx_4517,pl_1518,deposit,531.12,2025-11-08 21:46:20
tx_4518,pl_1083,withdraw,2593.56,2025-10-09 21:46:20
tx_4519,pl_1026,deposit,2444.31,2025-04-23 21:46:20
tx_4520,pl_1571,bet,723.5,2025-12-18 21:46:20
tx_4521,pl_1127,withdraw,2624.77,2026-01-10 21:46:20
tx_4522,pl_1168,bet,728.19,2025-07-09 21:46:20
tx_4523,pl_1570,deposit,2996.14,2025-09-06 21:46:20
tx_4524,pl_1222,withdraw,1681.94,2025-10-01 21:46:20
tx_4525,pl_1385,bet,1925.6,2025-10-05 21:46:20
tx_4526,pl_1549,withdraw,297.88,2025-03-26 21:46:20
tx_4527,pl_1456,withdraw,1557.2,2025-07-02 21:46:20
tx_4528,pl_1351,deposit,1758.93,2025-05-09 21:46:20
tx_4529,pl_1370,withdraw,1130.56,2026-01-14 21:46:20
tx_4530,pl_1575,bet,1059.48,2025-09-30 21:46:20
tx_4531,pl_1509,bet,2473.21,2025-07-01 21:46:20
tx_4532,pl_1152,withdraw,1291.1,2026-01-12 21:46:20
tx_4533,pl_1019,bet,349.56,2025-08-19 21:46:20
tx_4534,pl_1310,deposit,650.52,2025-04-06 21:46:20
tx_4535,pl_1251,bet,1445.33,2025-09-03 21:46:20
tx_4536,pl_1132,deposit,1227.7,2026-03-09 21:46:20
tx_4537,pl_1059,deposit,2325.88,2025-08-05 21:46:20
tx_4538,pl_1432,deposit,1258.68,2025-04-25 21:46:20
tx_4539,pl_1059,bet,2978.98,2025-08-24 21:46:20
tx_4540,pl_1330,withdraw,516.07,2025-11-13 21:46:20
tx_4541,pl_1335,bet,1836.29,2025-09-06 21:46:20
tx_4542,pl_1311,deposit,2200.79,2025-09-11 21:46:20
tx_4543,pl_1255,deposit,2527.43,2025-09-06 21:46:20
tx_4544,pl_1279,bet,2962.32,2025-08-09 21:46:20
tx_4545,pl_1524,deposit,560.1,2025-12-04 21:46:20
tx_4546,pl_1531,bet,1708.3,2025-10-29 21:46:20
tx_4547,pl_1499,deposit,434.0,2025-09-18 21:46:20
tx_4548,pl_1441,bet,2797.74,2025-12-11 21:46:20
tx_4549,pl_1097,bet,322.38,2025-11-24 21:46:20
tx_4550,pl_1192,deposit,2646.99,2026-01-17 21:46:20
tx_4551,pl_1388,deposit,1669.35,2025-05-22 21:46:20
tx_4552,pl_1270,withdraw,2751.43,2025-03-23 21:46:20
tx_4553,pl_1317,withdraw,110.83,2025-12-23 21:46:20
tx_4554,pl_1182,bet,2723.61,2025-08-30 21:46:20
tx_4555,pl_1383,bet,271.3,2025-09-06 21:46:20
tx_4556,pl_1476,deposit,1819.14,2025-11-29 21:46:20
tx_4557,pl_1373,deposit,1027.04,2025-04-22 21:46:20
tx_4558,pl_1390,bet,2570.9,2025-06-10 21:46:20
tx_4559,pl_1193,withdraw,1858.39,2025-09-03 21:46:20
tx_4560,pl_1210,withdraw,1374.44,2025-10-11 21:46:20
tx_4561,pl_1423,bet,2353.83,2025-11-16 21:46:20
tx_4562,pl_1172,deposit,997.62,2025-09-12 21:46:20
tx_4563,pl_1370,deposit,917.78,2026-01-19 21:46:20
tx_4564,pl_1449,deposit,1233.15,2026-01-16 21:46:20
tx_4565,pl_1100,deposit,642.28,2025-06-02 21:46:20
tx_4566,pl_1171,deposit,432.01,2026-02-11 21:46:20
tx_4567,pl_1200,withdraw,17.23,2025-08-21 21:46:20
tx_4568,pl_1368,deposit,1288.41,2026-02-07 21:46:20
tx_4569,pl_1450,withdraw,2064.02,2025-04-07 21:46:20
tx_4570,pl_1337,bet,2686.79,2025-05-30 21:46:20
tx_4571,pl_1363,withdraw,1191.59,2025-10-25 21:46:20
tx_4572,pl_1462,deposit,315.71,2026-03-03 21:46:20
tx_4573,pl_1510,bet,501.79,2025-04-14 21:46:20
tx_4574,pl_1580,withdraw,2249.46,2025-07-10 21:46:20
tx_4575,pl_1043,withdraw,2657.33,2025-12-26 21:46:20
tx_4576,pl_1207,deposit,1876.46,2026-01-22 21:46:20
tx_4577,pl_1053,deposit,2224.96,2025-10-09 21:46:20
tx_4578,pl_1394,deposit,409.26,2025-10-10 21:46:20
tx_4579,pl_1382,deposit,1588.51,2025-07-10 21:46:20
tx_4580,pl_1245,bet,129.38,2025-11-01 21:46:20
tx_4581,pl_1139,bet,1497.3,2025-04-26 21:46:20
tx_4582,pl_1123,deposit,559.96,2025-05-26 21:46:20
tx_4583,pl_1003,bet,1771.69,2025-05-23 21:46:20
tx_4584,pl_1403,withdraw,1128.65,2025-10-21 21:46:20
tx_4585,pl_1407,deposit,2011.84,2026-01-04 21:46:20
tx_4586,pl_1158,deposit,280.52,2025-05-11 21:46:20
tx_4587,pl_1393,bet,2527.5,2025-04-04 21:46:20
tx_4588,pl_1424,bet,2031.86,2025-12-15 21:46:20
tx_4589,pl_1553,withdraw,2154.48,2025-05-10 21:46:20
tx_4590,pl_1395,deposit,154.02,2025-05-05 21:46:20
tx_4591,pl_1402,withdraw,1778.1,2025-07-22 21:46:20
tx_4592,pl_1539,bet,1426.67,2025-05-27 21:46:20
tx_4593,pl_1418,deposit,611.71,2026-01-21 21:46:20
tx_4594,pl_1127,withdraw,2217.1,2026-01-29 21:46:20
tx_4595,pl_1391,deposit,86.9,2025-10-10 21:46:20
tx_4596,pl_1082,deposit,1365.06,2026-01-28 21:46:20
tx_4597,pl_1345,bet,1064.23,2025-04-22 21:46:20
tx_4598,pl_1389,withdraw,449.81,2025-06-03 21:46:20
tx_4599,pl_1519,bet,379.82,2026-02-13 21:46:20
tx_4600,pl_1210,deposit,303.15,2026-02-14 21:46:20
tx_4601,pl_1540,bet,1290.65,2025-11-15 21:46:20
tx_4602,pl_1369,bet,2470.27,2025-03-29 21:46:20
tx_4603,pl_1278,deposit,2874.88,2025-10-05 21:46:20
tx_4604,pl_1571,deposit,165.42,2025-07-29 21:46:20
tx_4605,pl_1380,bet,1363.81,2025-06-28 21:46:20
tx_4606,pl_1561,bet,1410.83,2026-01-06 21:46:20
tx_4607,pl_1240,bet,943.32,2025-05-23 21:46:20
tx_4608,pl_1134,deposit,2208.32,2025-07-20 21:46:20
tx_4609,pl_1286,bet,1285.0,2026-01-14 21:46:20
tx_4610,pl_1478,bet,659.32,2026-03-09 21:46:20
tx_4611,pl_1569,deposit,1921.15,2025-08-29 21:46:20
tx_4612,pl_1568,withdraw,340.91,2025-06-23 21:46:20
tx_4613,pl_1302,bet,36.99,2025-08-22 21:46:20
tx_4614,pl_1204,deposit,1025.09,2025-12-22 21:46:20
tx_4615,pl_1103,withdraw,2139.01,2025-12-02 21:46:20
tx_4616,pl_1295,deposit,153.83,2025-06-09 21:46:20
tx_4617,pl_1379,bet,2465.96,2025-11-21 21:46:20
tx_4618,pl_1433,bet,1694.45,2025-07-19 21:46:20
tx_4619,pl_1529,bet,11.87,2025-07-30 21:46:20
tx_4620,pl_1294,bet,2890.21,2025-10-05 21:46:20
tx_4621,pl_1406,deposit,708.82,2025-04-26 21:46:20
tx_4622,pl_1263,withdraw,358.19,2025-09-05 21:46:20
tx_4623,pl_1237,withdraw,873.81,2025-11-16 21:46:20
tx_4624,pl_1167,withdraw,2967.16,2025-07-18 21:46:20
tx_4625,pl_1188,bet,182.59,2025-04-30 21:46:20
tx_4626,pl_1124,deposit,1622.09,2025-11-26 21:46:20
tx_4627,pl_1258,withdraw,2503.31,2025-04-20 21:46:20
tx_4628,pl_1043,bet,1265.15,2026-01-20 21:46:20
tx_4629,pl_1425,withdraw,2526.7,2025-11-20 21:46:20
tx_4630,pl_1220,withdraw,2595.56,2025-05-13 21:46:20
tx_4631,pl_1581,bet,962.61,2026-03-06 21:46:20
tx_4632,pl_1177,deposit,2899.2,2026-01-14 21:46:20
tx_4633,pl_1355,bet,1483.35,2025-09-02 21:46:20
tx_4634,pl_1460,withdraw,1103.72,2025-03-18 21:46:20
tx_4635,pl_1051,deposit,2071.36,2025-06-29 21:46:20
tx_4636,pl_1031,bet,753.72,2025-12-14 21:46:20
tx_4637,pl_1322,deposit,2418.68,2025-12-18 21:46:20
tx_4638,pl_1292,deposit,1268.87,2025-06-16 21:46:20
tx_4639,pl_1259,deposit,2586.8,2026-01-01 21:46:20
tx_4640,pl_1091,deposit,1289.33,2025-10-24 21:46:20
tx_4641,pl_1463,withdraw,1077.52,2025-05-18 21:46:20
tx_4642,pl_1238,deposit,2818.12,2025-03-11 21:46:20
tx_4643,pl_1221,withdraw,207.26,2025-11-06 21:46:20
tx_4644,pl_1272,withdraw,2139.46,2025-05-12 21:46:20
tx_4645,pl_1308,bet,2968.53,2025-11-24 21:46:20
tx_4646,pl_1453,withdraw,486.57,2025-07-22 21:46:20
tx_4647,pl_1585,withdraw,1958.91,2026-01-31 21:46:20
tx_4648,pl_1107,deposit,2893.67,2026-01-01 21:46:20
tx_4649,pl_1100,deposit,2865.99,2025-08-18 21:46:20
tx_4650,pl_1419,withdraw,2489.32,2025-08-24 21:46:20
tx_4651,pl_1416,deposit,702.35,2025-07-27 21:46:20
tx_4652,pl_1370,withdraw,1923.05,2025-09-18 21:46:20
tx_4653,pl_1234,deposit,430.31,2025-04-11 21:46:20
tx_4654,pl_1345,withdraw,384.25,2025-09-19 21:46:20
tx_4655,pl_1181,deposit,2041.17,2025-09-10 21:46:20
tx_4656,pl_1320,bet,1411.14,2025-09-10 21:46:20
tx_4657,pl_1515,bet,2380.64,2025-04-16 21:46:20
tx_4658,pl_1338,withdraw,793.79,2025-05-13 21:46:20
tx_4659,pl_1593,bet,321.32,2025-04-27 21:46:20
tx_4660,pl_1134,withdraw,2443.78,2025-04-26 21:46:20
tx_4661,pl_1151,withdraw,2224.38,2026-03-08 21:46:20
tx_4662,pl_1488,bet,700.33,2025-03-22 21:46:20
tx_4663,pl_1575,bet,1627.48,2025-03-20 21:46:20
tx_4664,pl_1431,bet,387.34,2025-05-19 21:46:20
tx_4665,pl_1590,bet,1022.51,2025-10-17 21:46:20
tx_4666,pl_1032,withdraw,1724.56,2025-10-01 21:46:20
tx_4667,pl_1333,withdraw,125.41,2026-01-26 21:46:20
tx_4668,pl_1361,bet,2990.9,2025-10-20 21:46:20
tx_4669,pl_1249,deposit,1230.5,2025-03-31 21:46:20
tx_4670,pl_1075,bet,1197.07,2026-01-21 21:46:20
tx_4671,pl_1198,bet,1414.62,2025-05-28 21:46:20
tx_4672,pl_1134,deposit,414.59,2025-04-03 21:46:20
tx_4673,pl_1338,deposit,936.73,2025-05-17 21:46:20
tx_4674,pl_1471,withdraw,2741.85,2025-08-01 21:46:20
tx_4675,pl_1431,deposit,1459.36,2025-10-18 21:46:20
tx_4676,pl_1023,deposit,2017.93,2025-10-08 21:46:20
tx_4677,pl_1232,withdraw,946.74,2025-06-29 21:46:20
tx_4678,pl_1412,withdraw,913.75,2025-04-29 21:46:20
tx_4679,pl_1596,withdraw,2635.07,2025-04-26 21:46:20
tx_4680,pl_1301,bet,1427.97,2025-03-11 21:46:20
tx_4681,pl_1262,withdraw,1720.92,2025-12-19 21:46:20
tx_4682,pl_1098,deposit,1583.48,2025-08-07 21:46:20
tx_4683,pl_1159,withdraw,1448.23,2025-09-29 21:46:20
tx_4684,pl_1507,bet,185.72,2025-08-29 21:46:20
tx_4685,pl_1512,bet,2617.97,2025-10-28 21:46:20
tx_4686,pl_1028,bet,1699.44,2026-02-11 21:46:20
tx_4687,pl_1234,withdraw,508.34,2026-01-09 21:46:20
tx_4688,pl_1337,withdraw,1869.66,2025-08-08 21:46:20
tx_4689,pl_1315,deposit,2113.15,2025-10-26 21:46:20
tx_4690,pl_1595,withdraw,1366.16,2025-04-19 21:46:20
tx_4691,pl_1460,withdraw,866.49,2025-09-01 21:46:20
tx_4692,pl_1151,withdraw,804.27,2025-06-13 21:46:20
tx_4693,pl_1370,bet,2621.44,2026-01-17 21:46:20
tx_4694,pl_1223,withdraw,1754.05,2025-08-21 21:46:20
tx_4695,pl_1170,withdraw,2665.08,2025-12-06 21:46:20
tx_4696,pl_1055,deposit,938.33,2025-09-19 21:46:20
tx_4697,pl_1335,deposit,719.05,2026-01-13 21:46:20
tx_4698,pl_1311,deposit,1823.64,2025-05-09 21:46:20
tx_4699,pl_1005,bet,2386.39,2025-07-02 21:46:20
tx_4700,pl_1571,withdraw,2908.37,2025-12-08 21:46:20
tx_4701,pl_1019,deposit,291.99,2025-05-25 21:46:20
tx_4702,pl_1091,bet,241.24,2025-06-03 21:46:20
tx_4703,pl_1221,bet,1801.32,2025-10-02 21:46:20
tx_4704,pl_1143,withdraw,2266.37,2025-12-17 21:46:20
tx_4705,pl_1123,withdraw,2324.22,2025-10-15 21:46:20
tx_4706,pl_1514,withdraw,995.9,2026-01-03 21:46:20
tx_4707,pl_1338,deposit,1112.22,2025-08-24 21:46:20
tx_4708,pl_1005,withdraw,1220.18,2025-07-21 21:46:20
tx_4709,pl_1149,deposit,1764.5,2026-02-24 21:46:20
tx_4710,pl_1258,withdraw,1201.06,2025-12-09 21:46:20
tx_4711,pl_1036,withdraw,648.16,2025-08-21 21:46:20
tx_4712,pl_1368,withdraw,2453.69,2026-02-06 21:46:20
tx_4713,pl_1476,deposit,684.91,2025-03-24 21:46:20
tx_4714,pl_1544,bet,2924.82,2025-07-05 21:46:20
tx_4715,pl_1516,withdraw,2642.4,2025-06-16 21:46:20
tx_4716,pl_1241,bet,2261.82,2025-12-22 21:46:20
tx_4717,pl_1185,withdraw,1868.55,2026-02-02 21:46:20
tx_4718,pl_1468,deposit,637.81,2025-12-14 21:46:20
tx_4719,pl_1445,bet,2100.01,2025-04-22 21:46:20
tx_4720,pl_1071,withdraw,1146.66,2025-12-19 21:46:20
tx_4721,pl_1430,deposit,1226.73,2025-11-01 21:46:20
tx_4722,pl_1449,bet,939.13,2025-06-11 21:46:20
tx_4723,pl_1352,deposit,1769.45,2026-03-09 21:46:20
tx_4724,pl_1285,deposit,567.53,2025-04-01 21:46:20
tx_4725,pl_1257,withdraw,1154.72,2025-05-25 21:46:20
tx_4726,pl_1599,deposit,520.03,2026-01-29 21:46:20
tx_4727,pl_1025,withdraw,2664.78,2026-02-03 21:46:20
tx_4728,pl_1014,withdraw,2950.82,2025-09-23 21:46:20
tx_4729,pl_1248,bet,1832.09,2025-09-10 21:46:20
tx_4730,pl_1426,withdraw,980.61,2025-12-27 21:46:20
tx_4731,pl_1097,deposit,1968.29,2025-08-12 21:46:20
tx_4732,pl_1256,withdraw,846.5,2025-07-13 21:46:20
tx_4733,pl_1525,withdraw,2034.77,2025-10-01 21:46:20
tx_4734,pl_1275,deposit,1801.66,2025-12-10 21:46:20
tx_4735,pl_1251,deposit,186.67,2025-04-23 21:46:20
tx_4736,pl_1567,withdraw,1811.1,2025-08-15 21:46:20
tx_4737,pl_1150,bet,831.04,2025-03-21 21:46:20
tx_4738,pl_1260,deposit,2472.53,2026-01-29 21:46:20
tx_4739,pl_1003,deposit,129.96,2026-01-24 21:46:20
tx_4740,pl_1156,bet,1443.11,2026-01-04 21:46:20
tx_4741,pl_1095,bet,1580.26,2025-11-07 21:46:20
tx_4742,pl_1328,deposit,2535.21,2026-02-17 21:46:20
tx_4743,pl_1508,withdraw,1492.75,2025-08-26 21:46:20
tx_4744,pl_1208,withdraw,1019.49,2025-10-05 21:46:20
tx_4745,pl_1446,withdraw,2929.14,2025-05-30 21:46:20
tx_4746,pl_1399,withdraw,157.95,2026-01-17 21:46:20
tx_4747,pl_1258,deposit,2918.56,2025-06-25 21:46:20
tx_4748,pl_1346,deposit,1297.77,2025-11-10 21:46:20
tx_4749,pl_1056,withdraw,2222.69,2026-01-12 21:46:20
tx_4750,pl_1132,deposit,480.58,2025-05-27 21:46:20
tx_4751,pl_1044,bet,2796.37,2026-01-05 21:46:20
tx_4752,pl_1268,bet,2982.9,2025-06-04 21:46:20
tx_4753,pl_1411,withdraw,2993.05,2025-04-21 21:46:20
tx_4754,pl_1212,deposit,1402.91,2025-04-01 21:46:20
tx_4755,pl_1501,deposit,1168.18,2025-10-22 21:46:20
tx_4756,pl_1377,bet,1832.13,2025-05-16 21:46:20
tx_4757,pl_1065,bet,2727.57,2025-05-06 21:46:20
tx_4758,pl_1181,withdraw,1325.05,2025-12-30 21:46:20
tx_4759,pl_1416,withdraw,1657.36,2025-08-24 21:46:20
tx_4760,pl_1348,withdraw,2364.53,2026-01-06 21:46:20
tx_4761,pl_1348,withdraw,2607.89,2026-03-04 21:46:20
tx_4762,pl_1359,bet,2314.75,2025-03-14 21:46:20
tx_4763,pl_1593,bet,353.77,2025-05-23 21:46:20
tx_4764,pl_1278,withdraw,220.63,2025-12-01 21:46:20
tx_4765,pl_1031,withdraw,2524.66,2025-09-01 21:46:20
tx_4766,pl_1572,deposit,221.48,2025-03-22 21:46:20
tx_4767,pl_1322,deposit,2526.22,2026-01-28 21:46:20
tx_4768,pl_1381,deposit,2841.05,2025-07-10 21:46:20
tx_4769,pl_1056,bet,1472.59,2025-10-12 21:46:20
tx_4770,pl_1115,bet,2522.48,2025-03-30 21:46:20
tx_4771,pl_1294,bet,2343.99,2025-03-29 21:46:20
tx_4772,pl_1321,deposit,2218.19,2025-08-28 21:46:20
tx_4773,pl_1309,bet,626.12,2025-06-23 21:46:20
tx_4774,pl_1073,bet,1519.72,2025-12-21 21:46:20
tx_4775,pl_1231,deposit,876.76,2025-12-29 21:46:20
tx_4776,pl_1543,deposit,2695.9,2025-11-08 21:46:20
tx_4777,pl_1596,withdraw,1395.63,2025-07-06 21:46:20
tx_4778,pl_1516,bet,2957.49,2025-12-27 21:46:20
tx_4779,pl_1406,deposit,2361.38,2026-01-30 21:46:20
tx_4780,pl_1272,deposit,1532.78,2025-06-09 21:46:20
tx_4781,pl_1082,withdraw,2264.18,2026-01-30 21:46:20
tx_4782,pl_1237,withdraw,344.62,2025-06-16 21:46:20
tx_4783,pl_1111,bet,337.13,2026-03-09 21:46:20
tx_4784,pl_1244,withdraw,727.48,2025-07-02 21:46:20
tx_4785,pl_1462,withdraw,1627.92,2025-03-10 21:46:20
tx_4786,pl_1400,deposit,1982.86,2025-12-31 21:46:20
tx_4787,pl_1228,bet,351.29,2026-01-07 21:46:20
tx_4788,pl_1302,deposit,300.37,2025-04-29 21:46:20
tx_4789,pl_1138,withdraw,991.95,2025-08-19 21:46:20
tx_4790,pl_1168,deposit,2849.14,2025-10-10 21:46:20
tx_4791,pl_1005,deposit,2985.75,2025-07-22 21:46:20
tx_4792,pl_1520,bet,1791.7,2025-10-24 21:46:20
tx_4793,pl_1096,bet,886.07,2025-12-23 21:46:20
tx_4794,pl_1491,withdraw,2169.18,2025-05-21 21:46:20
tx_4795,pl_1423,bet,2161.45,2025-06-11 21:46:20
tx_4796,pl_1495,deposit,2175.32,2025-07-30 21:46:20
tx_4797,pl_1014,withdraw,1417.69,2025-09-08 21:46:20
tx_4798,pl_1171,deposit,2221.31,2025-09-05 21:46:20
tx_4799,pl_1211,deposit,1595.71,2025-07-17 21:46:20
